{"type":"FeatureCollection","features":[{"type":"Feature","properties":{"country_code":"AL","iso3":"ALB","name_en":"Albania"},"geometry":{"type":"Polygon","coordinates":[[[19.36143,42.06909],[19.28066,42.17256],[19.59746,42.56543],[19.70342,42.64795],[19.74072,42.60693],[19.73779,42.52515],[19.78828,42.47617],[20.06396,42.54727],[20.24053,42.33896],[20.4083,42.27495],[20.52285,42.17148],[20.58145,41.91743],[20.50518,41.70649],[20.51621,41.57476],[20.44863,41.52129],[20.49238,41.39141],[20.48896,41.27261],[20.56787,41.12783],[20.65605,41.06167],[20.70928,40.92837],[20.9335,40.90312],[20.96426,40.8499],[20.95576,40.77529],[21.03086,40.62246],[20.9502,40.49438],[20.80605,40.44546],[20.65742,40.11738],[20.60625,40.08267],[20.40801,40.04946],[20.31113,39.97944],[20.38242,39.80264],[20.30615,39.79668],[20.27207,39.70117],[20.20684,39.65352],[20.00127,39.70942],[19.96484,39.87227],[19.85186,40.04355],[19.48457,40.20996],[19.32227,40.40708],[19.44053,40.37568],[19.45918,40.40537],[19.3375,40.66382],[19.46123,40.9333],[19.48008,41.23638],[19.44063,41.42476],[19.49736,41.5627],[19.57568,41.64043],[19.57754,41.7875],[19.46826,41.85615],[19.34238,41.86909],[19.36143,42.06909]]]}},{"type":"Feature","properties":{"country_code":"AD","iso3":"AND","name_en":"Andorra"},"geometry":{"type":"Polygon","coordinates":[[[1.44883,42.43745],[1.42832,42.5959],[1.50137,42.64272],[1.70986,42.60444],[1.74023,42.55674],[1.67852,42.49668],[1.44883,42.43745]]]}},{"type":"Feature","properties":{"country_code":"AM","iso3":"ARM","name_en":"Armenia"},"geometry":{"type":"MultiPolygon","coordinates":[[[[44.39961,39.99575],[44.28926,40.04038],[44.00537,40.01411],[43.66621,40.12637],[43.70986,40.1665],[43.56934,40.48237],[43.66787,40.57407],[43.72266,40.71953],[43.63164,40.929],[43.51748,41.00483],[43.43945,41.10713],[43.79316,41.1311],[44.22734,41.21333],[44.47305,41.19102],[44.84141,41.21138],[44.81133,41.25938],[45.00137,41.29097],[45.08477,41.19546],[45.18857,41.14741],[45.19023,41.12637],[45.0707,41.10083],[45.07051,41.07559],[45.41914,40.98569],[45.5875,40.84692],[45.57939,40.80449],[45.37891,40.67358],[45.45439,40.53237],[45.56953,40.41685],[45.96465,40.23379],[45.96758,40.1748],[45.88594,40.02485],[45.63018,40.01421],[45.57979,39.97754],[45.78965,39.8811],[46.20205,39.59448],[46.32168,39.61743],[46.48145,39.55518],[46.47813,39.4751],[46.36523,39.40249],[46.58477,39.22368],[46.40029,39.19219],[46.48984,39.06943],[46.49063,38.90669],[46.11445,38.87778],[45.95186,39.17812],[45.97744,39.2439],[45.76631,39.37847],[45.79648,39.48813],[45.75049,39.56294],[45.45684,39.49448],[45.25254,39.59546],[45.15283,39.58267],[45.12461,39.69634],[45.03164,39.76514],[44.76826,39.70352],[44.39961,39.99575]],[[45.02109,41.07798],[44.96143,41.07925],[44.96904,41.02725],[45.00205,41.01582],[45.02109,41.07798]]],[[[45.47881,40.60698],[45.47881,40.64834],[45.5623,40.64917],[45.51436,40.59956],[45.47881,40.60698]]]]}},{"type":"Feature","properties":{"country_code":"AT","iso3":"AUT","name_en":"Austria"},"geometry":{"type":"Polygon","coordinates":[[[9.62588,47.46704],[9.52402,47.52422],[9.65059,47.52588],[9.74893,47.57554],[10.03408,47.47358],[10.07422,47.42852],[10.06631,47.39336],[10.20029,47.36343],[10.18301,47.27881],[10.24063,47.28413],[10.36914,47.36606],[10.43945,47.55156],[10.87305,47.52021],[10.98086,47.39814],[11.04199,47.39312],[11.29795,47.4249],[11.39297,47.48716],[11.7168,47.5835],[12.18564,47.61953],[12.20928,47.71826],[12.48291,47.6373],[12.68584,47.66934],[12.77139,47.6394],[12.80938,47.54219],[13.01436,47.47808],[13.0541,47.65513],[13.03359,47.69873],[12.89766,47.72188],[12.9542,47.80776],[12.95352,47.89063],[12.76006,48.07598],[12.81426,48.16084],[13.37461,48.36138],[13.48662,48.58184],[13.6752,48.52305],[13.72393,48.54238],[13.78535,48.58745],[13.81475,48.76694],[13.98877,48.69243],[14.04912,48.60249],[14.36758,48.57622],[14.48867,48.62554],[14.69131,48.59922],[14.70664,48.67192],[14.78594,48.74736],[14.82188,48.77402],[14.92256,48.77139],[14.99346,49.00112],[15.16172,48.94629],[15.31094,48.97402],[15.70078,48.86045],[15.8252,48.86445],[16.05723,48.75479],[16.36729,48.73896],[16.47793,48.8001],[16.54355,48.79624],[16.88369,48.70371],[16.95313,48.59883],[16.8627,48.44141],[16.86543,48.38691],[17.08594,48.03955],[17.14736,48.00596],[17.08906,47.96362],[17.03008,47.83711],[17.0666,47.70757],[16.78594,47.67866],[16.59092,47.75054],[16.42129,47.67446],[16.63975,47.60889],[16.67656,47.53604],[16.62305,47.44756],[16.44287,47.39951],[16.4626,47.27314],[16.41689,47.22344],[16.43838,47.1459],[16.49268,47.12266],[16.46123,47.02246],[16.25254,46.97192],[16.03721,46.84482],[15.97686,46.80137],[15.95762,46.67764],[15.76689,46.71128],[15.63262,46.69844],[15.43926,46.62964],[15.21699,46.64297],[14.89326,46.60591],[14.75674,46.49912],[14.5498,46.39971],[12.4792,46.67251],[12.38828,46.70264],[12.1541,46.93525],[12.13076,46.98477],[12.20127,47.06089],[12.16943,47.08213],[11.77568,46.98608],[11.24443,46.97568],[11.13389,46.93618],[11.0251,46.79697],[10.92734,46.76948],[10.75977,46.79331],[10.68926,46.84639],[10.45283,46.86494],[10.41494,46.9644],[10.34941,46.98477],[10.1335,46.85151],[9.87773,46.9377],[9.84531,47.00737],[9.58027,47.05737],[9.61055,47.10713],[9.52754,47.27075],[9.62588,47.46704]]]}},{"type":"Feature","properties":{"country_code":"AZ","iso3":"AZE","name_en":"Azerbaijan"},"geometry":{"type":"MultiPolygon","coordinates":[[[[44.76826,39.70352],[45.03164,39.76514],[45.12461,39.69634],[45.17256,39.57061],[45.25254,39.59546],[45.45684,39.49448],[45.6874,39.56406],[45.78447,39.54561],[45.76631,39.37847],[45.97744,39.2439],[45.95186,39.17812],[46.11445,38.87778],[45.47969,39.00625],[45.33555,39.13916],[45.14121,39.2543],[44.76826,39.70352]]],[[[48.59268,38.41108],[48.41738,38.58623],[48.30557,38.61348],[48.20469,38.72412],[47.99648,38.85376],[48.0501,38.93501],[48.24199,38.97896],[48.29209,39.01885],[48.27412,39.09912],[48.12549,39.17163],[48.10439,39.24111],[48.13604,39.31235],[48.32217,39.39907],[47.9959,39.68394],[47.77285,39.64858],[47.47617,39.49834],[47.18838,39.34097],[46.98887,39.18018],[46.85254,39.14844],[46.55479,38.90439],[46.49063,38.90669],[46.48984,39.06943],[46.40029,39.19219],[46.58477,39.22368],[46.36523,39.40249],[46.47813,39.4751],[46.48145,39.55518],[46.32168,39.61743],[46.20205,39.59448],[45.78965,39.8811],[45.57979,39.97754],[45.63018,40.01421],[45.88594,40.02485],[45.96758,40.1748],[45.96465,40.23379],[45.56953,40.41685],[45.45439,40.53237],[45.37891,40.67358],[45.57939,40.80449],[45.5875,40.84692],[45.41914,40.98569],[45.07051,41.07559],[45.0707,41.10083],[45.19023,41.12637],[45.18857,41.14741],[45.08477,41.19546],[45.00137,41.29097],[45.28096,41.44956],[45.71563,41.33765],[45.6957,41.28901],[45.72549,41.26162],[45.92197,41.18672],[46.03125,41.16729],[46.1707,41.19785],[46.43096,41.07705],[46.53438,41.08857],[46.62637,41.15967],[46.67256,41.28682],[46.61895,41.34375],[46.30547,41.50771],[46.25469,41.60215],[46.20352,41.6126],[46.18213,41.65708],[46.20186,41.73687],[46.30254,41.75708],[46.42988,41.89097],[46.5377,41.87041],[46.57129,41.8001],[46.69033,41.83135],[46.74932,41.8126],[47.01016,41.5875],[47.14258,41.51606],[47.20527,41.45562],[47.26113,41.31509],[47.31768,41.28242],[47.79102,41.19927],[47.86113,41.21274],[48.05605,41.45869],[48.39141,41.6019],[48.57285,41.84448],[48.66465,41.78662],[49.05088,41.37397],[49.22646,41.02622],[49.45674,40.79985],[49.77598,40.58398],[49.99063,40.57681],[50.18252,40.50479],[50.30684,40.41221],[50.36592,40.27949],[50.14316,40.32324],[49.91885,40.31641],[49.55117,40.19414],[49.47734,40.08726],[49.32441,39.60835],[49.36279,39.34956],[49.26934,39.28516],[49.16533,39.03027],[49.121,39.00391],[49.11133,39.08472],[49.01348,39.13398],[48.96172,39.07876],[48.85449,38.83882],[48.86875,38.4355],[48.59268,38.41108]],[[45.50449,40.66484],[45.47881,40.60698],[45.55234,40.61606],[45.5623,40.64917],[45.50449,40.66484]]],[[[44.96904,41.02725],[44.96143,41.07925],[45.02109,41.07798],[45.00205,41.01582],[44.96904,41.02725]]]]}},{"type":"Feature","properties":{"country_code":"BY","iso3":"BLR","name_en":"Belarus"},"geometry":{"type":"Polygon","coordinates":[[[31.346,52.10537],[31.21797,52.05024],[31.0793,52.07695],[30.98066,52.04619],[30.75527,51.89517],[30.66729,51.81411],[30.53301,51.59634],[30.63252,51.35542],[30.54453,51.26504],[30.3334,51.32554],[30.30898,51.39961],[30.16074,51.47788],[29.55313,51.43457],[29.34648,51.38257],[29.10205,51.62754],[28.84951,51.54019],[28.73125,51.4334],[28.64775,51.45654],[28.59902,51.54263],[28.18379,51.60786],[28.01074,51.55977],[27.85859,51.59238],[27.74131,51.48257],[27.7,51.47798],[27.67676,51.48994],[27.68975,51.57241],[27.60137,51.60161],[27.29629,51.59741],[27.14199,51.75205],[26.77344,51.7707],[25.78574,51.92383],[25.0667,51.93052],[24.36191,51.86753],[24.28008,51.77471],[23.97832,51.59131],[23.70684,51.64131],[23.60859,51.6105],[23.60527,51.51792],[23.53965,51.6189],[23.54482,51.71025],[23.62568,51.80933],[23.60742,51.87979],[23.65244,52.04038],[23.59795,52.10308],[23.1751,52.28662],[23.41094,52.51621],[23.84473,52.66421],[23.90127,52.70361],[23.91543,52.77026],[23.85918,53.11211],[23.59893,53.59922],[23.48467,53.93979],[23.73369,53.91226],[24.19131,53.95044],[24.31797,53.89297],[24.6207,53.97983],[24.76816,53.97466],[24.82568,54.11899],[24.86953,54.14517],[25.04609,54.13306],[25.17949,54.21426],[25.46113,54.29277],[25.52734,54.21514],[25.51035,54.15962],[25.74922,54.15698],[25.74814,54.25967],[25.54736,54.33184],[25.62031,54.4604],[25.7248,54.56426],[25.72246,54.71787],[25.85928,54.91929],[26.1752,55.00327],[26.25078,55.12451],[26.2918,55.1396],[26.60117,55.13018],[26.64844,55.2042],[26.77568,55.2731],[26.45762,55.34248],[26.5666,55.54648],[26.59355,55.66753],[26.82246,55.70923],[26.95303,55.81294],[27.05254,55.83057],[27.57676,55.79878],[27.64229,55.91172],[27.89629,56.07617],[28.11787,56.1458],[28.28428,56.05591],[28.56396,56.09199],[28.79473,55.94258],[29.03174,56.02178],[29.375,55.93872],[29.39795,55.88105],[29.35342,55.78438],[29.48223,55.68457],[29.93701,55.84526],[30.23359,55.84521],[30.45625,55.78682],[30.62559,55.66626],[30.90684,55.57002],[30.90059,55.39741],[30.81055,55.30698],[30.95889,55.1376],[30.97773,55.05049],[30.82988,54.91499],[30.79883,54.78325],[31.15215,54.62534],[31.0748,54.4918],[31.18477,54.45298],[31.40361,54.19595],[31.82598,54.03071],[31.82529,53.93501],[31.7542,53.81045],[32.20039,53.78125],[32.4502,53.69292],[32.4252,53.61729],[32.46963,53.54697],[32.70645,53.41943],[32.7043,53.33633],[32.46934,53.27031],[32.42627,53.2106],[32.14199,53.09116],[31.84971,53.1062],[31.74746,53.18418],[31.66826,53.20093],[31.38838,53.18481],[31.25879,53.0167],[31.56484,52.75923],[31.51943,52.69873],[31.52617,52.63301],[31.61592,52.54619],[31.58555,52.53247],[31.57734,52.3123],[31.69063,52.22065],[31.76338,52.10107],[31.346,52.10537]]]}},{"type":"Feature","properties":{"country_code":"BE","iso3":"BEL","name_en":"Belgium"},"geometry":{"type":"Polygon","coordinates":[[[4.404,51.36709],[4.38477,51.42759],[4.50342,51.47471],[4.63398,51.42173],[4.75566,51.49111],[4.84805,51.40327],[4.94395,51.40776],[5.03096,51.46909],[5.0999,51.34648],[5.21416,51.27896],[5.31084,51.25972],[5.47686,51.28506],[5.60879,51.19844],[5.82715,51.12563],[5.75,50.95024],[5.63945,50.8436],[5.69365,50.77466],[5.74707,50.75957],[5.99395,50.75044],[6.23594,50.59668],[6.16846,50.54536],[6.17871,50.52251],[6.34092,50.45176],[6.36445,50.31616],[6.1751,50.23267],[6.1165,50.121],[6.08906,50.15459],[5.97627,50.16719],[5.86689,50.08281],[5.74404,49.91963],[5.725,49.8083],[5.88037,49.64478],[5.81543,49.55381],[5.50732,49.51089],[5.27881,49.67793],[5.00693,49.77837],[4.86758,49.78813],[4.8415,49.9145],[4.79004,49.95957],[4.86055,50.13589],[4.81865,50.15317],[4.70664,50.09707],[4.65615,50.00244],[4.54502,49.96025],[4.36875,49.94497],[4.14932,49.97158],[4.13682,50.0],[4.19219,50.09414],[4.13525,50.1438],[4.17461,50.24648],[4.04414,50.32134],[3.94971,50.33594],[3.74805,50.34351],[3.68936,50.30605],[3.59541,50.47734],[3.27334,50.53154],[3.23496,50.66294],[3.10684,50.77944],[2.83975,50.71177],[2.75938,50.75063],[2.59678,50.87593],[2.60146,50.95527],[2.5249,51.09712],[3.3501,51.37769],[3.38008,51.29111],[3.43252,51.24575],[3.58027,51.28618],[3.90205,51.20767],[4.17256,51.30708],[4.22617,51.38647],[4.404,51.36709]]]}},{"type":"Feature","properties":{"country_code":"BA","iso3":"BIH","name_en":"Bosnia and Herzegovina"},"geometry":{"type":"Polygon","coordinates":[[[19.29189,44.69678],[19.15137,44.52734],[19.11846,44.35996],[19.15186,44.30254],[19.33887,44.22583],[19.58379,44.04346],[19.54951,43.98711],[19.30527,43.99336],[19.24502,43.96504],[19.48818,43.70356],[19.47998,43.59517],[19.45127,43.56206],[19.30078,43.5918],[19.19434,43.5333],[18.95068,43.52666],[18.94023,43.49673],[19.03672,43.35732],[19.02666,43.29243],[18.97871,43.2854],[18.93467,43.33945],[18.85107,43.34634],[18.67422,43.23081],[18.62188,43.12461],[18.62363,43.02769],[18.48848,43.01216],[18.44385,42.96846],[18.46602,42.77725],[18.5459,42.6416],[18.43633,42.55972],[18.12393,42.69058],[17.84131,42.84507],[17.80195,42.90225],[17.66758,42.89712],[17.58516,42.93838],[17.64346,42.95977],[17.65049,43.00659],[17.29307,43.30562],[17.27383,43.44575],[17.08457,43.51655],[16.71348,43.77881],[16.59053,43.91318],[16.3001,44.12451],[16.21426,44.21514],[16.10342,44.521],[15.73662,44.76582],[15.78809,45.17896],[15.82285,45.20278],[16.02832,45.1896],[16.15732,45.07222],[16.29336,45.00884],[16.53066,45.2167],[16.79082,45.19688],[16.91865,45.27656],[17.12539,45.17178],[17.50264,45.12036],[17.65352,45.16348],[17.81279,45.07813],[17.87441,45.07725],[17.99629,45.1418],[18.28496,45.13428],[18.6626,45.07744],[18.74609,45.02651],[18.78838,44.91489],[18.83643,44.88325],[19.04209,44.87134],[19.23682,44.91426],[19.35684,44.85854],[19.29189,44.69678]]]}},{"type":"Feature","properties":{"country_code":"BG","iso3":"BGR","name_en":"Bulgaria"},"geometry":{"type":"Polygon","coordinates":[[[27.53486,41.9208],[27.24434,42.09326],[27.01172,42.05864],[26.88486,41.99185],[26.61533,41.96489],[26.51143,41.82637],[26.36035,41.80156],[26.3209,41.71655],[26.20059,41.7438],[26.10742,41.72568],[26.06602,41.67324],[26.14355,41.52153],[26.13535,41.38574],[25.92334,41.31191],[25.78496,41.33042],[25.25117,41.24355],[24.99355,41.36499],[24.84688,41.39424],[24.77373,41.3561],[24.596,41.44272],[24.51826,41.55254],[24.48789,41.55522],[24.38672,41.52354],[24.05605,41.52725],[24.01133,41.46006],[23.88086,41.45596],[23.63516,41.38677],[23.23984,41.38496],[23.15596,41.32207],[22.91602,41.33628],[22.95146,41.60562],[23.00361,41.73984],[22.94395,41.7751],[22.83682,41.9936],[22.58271,42.10483],[22.34404,42.31396],[22.42207,42.32886],[22.52354,42.44097],[22.52422,42.50391],[22.47207,42.54331],[22.43623,42.6291],[22.46563,42.75078],[22.43926,42.79165],[22.4668,42.84248],[22.70615,42.88394],[22.94229,43.09707],[22.97686,43.18799],[22.85957,43.25234],[22.76758,43.35415],[22.55459,43.45449],[22.49912,43.51885],[22.36963,43.7813],[22.39902,43.96953],[22.4208,44.00742],[22.59746,44.07529],[22.62656,44.19409],[22.70508,44.23779],[23.02852,44.07798],[23.02441,44.04722],[22.86826,43.9479],[22.86768,43.86455],[22.91904,43.83447],[23.22461,43.87388],[24.22676,43.76348],[24.43057,43.79438],[25.15967,43.68633],[25.49707,43.6708],[25.81885,43.76685],[25.9334,43.87056],[26.21582,44.00728],[26.48926,44.08398],[27.08691,44.16738],[27.42539,44.02051],[27.6709,43.9978],[27.73857,43.9563],[27.88428,43.98735],[28.05,43.82241],[28.22197,43.77285],[28.58535,43.74224],[28.56182,43.50132],[28.46543,43.38931],[28.31963,43.42686],[28.13369,43.39561],[27.92891,43.18613],[27.88887,42.74971],[27.75371,42.70654],[27.48477,42.46807],[27.7082,42.34995],[27.98271,42.04741],[28.01445,41.96904],[27.8792,41.98662],[27.53486,41.9208]]]}},{"type":"Feature","properties":{"country_code":"HR","iso3":"HRV","name_en":"Croatia"},"geometry":{"type":"MultiPolygon","coordinates":[[[[13.87871,45.42837],[13.99277,45.50942],[14.08555,45.47783],[14.36992,45.48145],[14.56885,45.65723],[14.79307,45.47822],[14.95459,45.4999],[15.24209,45.44141],[15.33945,45.46704],[15.28359,45.57969],[15.35371,45.65991],[15.27705,45.73262],[15.65215,45.86216],[15.67559,45.98369],[15.66621,46.04849],[15.59688,46.10923],[15.60898,46.17192],[16.00068,46.30537],[16.0665,46.37134],[16.22744,46.37285],[16.25332,46.38911],[16.23672,46.48384],[16.32119,46.53462],[16.74805,46.41641],[17.03271,46.1873],[17.24219,46.07661],[17.31064,45.99614],[17.60703,45.91377],[17.63965,45.86836],[17.80713,45.79043],[18.3583,45.75303],[18.53359,45.79614],[18.66602,45.90747],[18.90537,45.93174],[18.89355,45.86553],[18.83906,45.83574],[18.94727,45.65581],[18.91787,45.60083],[19.06426,45.51499],[19.00762,45.46582],[19.00469,45.39951],[19.09307,45.33691],[19.33027,45.26807],[19.40098,45.18906],[19.20596,45.16777],[19.13691,45.19624],[19.12969,45.15171],[19.06289,45.13721],[19.08525,44.92676],[19.00957,44.91938],[19.00713,44.86919],[18.94131,44.86519],[18.78838,44.91489],[18.74609,45.02651],[18.6626,45.07744],[18.28496,45.13428],[17.99629,45.1418],[17.87441,45.07725],[17.81279,45.07813],[17.65352,45.16348],[17.50264,45.12036],[17.12539,45.17178],[16.91865,45.27656],[16.79082,45.19688],[16.53066,45.2167],[16.29336,45.00884],[16.15732,45.07222],[16.02832,45.1896],[15.88828,45.21572],[15.78809,45.17896],[15.73662,44.76582],[16.10342,44.521],[16.21426,44.21514],[16.3001,44.12451],[16.59053,43.91318],[16.71348,43.77881],[17.08457,43.51655],[17.27383,43.44575],[17.29307,43.30562],[17.65049,43.00659],[17.64346,42.95977],[17.58516,42.93838],[17.32988,43.11489],[17.12939,43.21113],[16.90313,43.39243],[16.39395,43.54336],[16.13105,43.5063],[15.98555,43.51978],[15.94258,43.56895],[15.9415,43.65664],[15.49941,43.90879],[15.18584,44.17212],[15.12295,44.25679],[15.28428,44.28882],[15.471,44.27197],[15.26982,44.3835],[14.98135,44.60293],[14.89521,44.70659],[14.90654,44.97139],[14.85459,45.08101],[14.55049,45.29771],[14.3127,45.33779],[14.23633,45.15967],[13.96582,44.83564],[13.86074,44.8374],[13.6293,45.1082],[13.51719,45.48179],[13.57793,45.51689],[13.61523,45.47676],[13.87871,45.42837]]],[[[17.09365,42.96436],[17.18828,42.91704],[16.97754,42.92778],[16.85068,42.89551],[16.69639,42.93369],[16.65068,42.99658],[17.09365,42.96436]]],[[[16.6792,43.12314],[16.37646,43.21377],[16.52139,43.22925],[16.65596,43.21377],[16.69727,43.17495],[17.19404,43.12578],[16.6792,43.12314]]],[[[16.42314,43.31724],[16.44893,43.38706],[16.83438,43.35083],[16.89131,43.31465],[16.78525,43.27065],[16.62744,43.26807],[16.42314,43.31724]]],[[[15.12188,44.09331],[15.06582,44.15767],[15.23105,44.0623],[15.24668,44.02705],[15.12188,44.09331]]],[[[14.61299,45.02544],[14.51172,45.0354],[14.43789,45.09863],[14.52461,45.14683],[14.57109,45.22476],[14.81025,44.97705],[14.68701,44.95562],[14.61299,45.02544]]],[[[14.67822,44.76987],[14.67246,44.82437],[14.7542,44.84482],[14.85664,44.71484],[14.67822,44.76987]]],[[[14.91279,44.48584],[14.74189,44.69736],[15.23994,44.3502],[15.1626,44.30918],[14.91279,44.48584]]],[[[15.13584,43.90728],[14.86504,44.16797],[14.95254,44.11719],[15.20303,43.90771],[15.13584,43.90728]]],[[[15.37422,43.91479],[15.27002,44.01074],[15.37139,43.97383],[15.43721,43.89951],[15.37422,43.91479]]],[[[14.41953,44.67031],[14.3124,44.90039],[14.34004,45.01997],[14.28584,45.14463],[14.33125,45.16499],[14.3582,45.16743],[14.39375,45.03125],[14.46738,44.97021],[14.48037,44.62124],[14.41953,44.67031]]],[[[17.34414,42.79038],[17.60781,42.76904],[17.74424,42.70034],[17.34414,42.79038]]],[[[18.51748,42.43291],[17.82383,42.79741],[17.58496,42.83716],[17.2582,42.96846],[17.04541,43.01489],[17.21982,43.02588],[17.72363,42.85068],[17.66758,42.89712],[17.80195,42.90225],[17.84131,42.84507],[18.12393,42.69058],[18.43633,42.55972],[18.51748,42.43291]]]]}},{"type":"Feature","properties":{"country_code":"CY","iso3":"CYP","name_en":"Cyprus"},"geometry":{"type":"Polygon","coordinates":[[[32.91953,35.08784],[33.19102,35.17314],[33.38379,35.1627],[33.45596,35.10142],[33.47578,35.00034],[33.52568,35.03867],[33.67539,35.01787],[33.86641,35.0936],[34.00449,35.06523],[34.0502,34.98838],[33.69941,34.96987],[33.41494,34.75088],[33.11553,34.69556],[33.0249,34.63691],[33.00791,34.56958],[32.9418,34.57588],[32.86719,34.66113],[32.69297,34.64937],[32.44902,34.72944],[32.31719,34.95332],[32.30098,35.08296],[32.39092,35.0498],[32.65234,35.18267],[32.91953,35.08784]]]}},{"type":"Feature","properties":{"country_code":"CZ","iso3":"CZE","name_en":"Czechia"},"geometry":{"type":"Polygon","coordinates":[[[18.59648,49.49146],[18.36484,49.33623],[18.16094,49.25737],[18.08594,49.06514],[17.91328,48.99873],[17.7585,48.88813],[17.48262,48.82778],[17.18848,48.86094],[17.13564,48.84106],[17.06328,48.78076],[16.95313,48.59883],[16.88369,48.70371],[16.54355,48.79624],[16.47793,48.8001],[16.36729,48.73896],[16.05723,48.75479],[15.8252,48.86445],[15.70078,48.86045],[15.31094,48.97402],[15.16172,48.94629],[14.99346,49.00112],[14.92256,48.77139],[14.82188,48.77402],[14.78594,48.74736],[14.70664,48.67192],[14.69131,48.59922],[14.48867,48.62554],[14.36758,48.57622],[14.18984,48.57856],[14.04912,48.60249],[13.98877,48.69243],[13.81475,48.76694],[13.54766,48.95967],[13.44072,48.95557],[13.28877,49.09746],[13.14053,49.15835],[12.9167,49.33047],[12.81338,49.32935],[12.68115,49.4145],[12.39053,49.73965],[12.51201,49.8958],[12.20781,50.09751],[12.08984,50.30176],[12.1748,50.28838],[12.27734,50.18145],[12.45264,50.3498],[12.54902,50.39341],[12.76543,50.43096],[12.94268,50.40645],[13.01641,50.49038],[13.18115,50.5105],[13.2377,50.57676],[13.37461,50.62173],[13.43613,50.60107],[13.55674,50.70464],[13.89854,50.76128],[14.36904,50.89873],[14.25586,51.00186],[14.2832,51.02949],[14.5457,50.99395],[14.62383,50.91475],[14.61357,50.85557],[14.72334,50.8147],[14.98291,50.88657],[14.99375,51.01436],[15.25859,50.95854],[15.27705,50.88301],[15.35439,50.81177],[15.73057,50.7397],[15.94854,50.67026],[16.00723,50.61162],[16.28223,50.65562],[16.35996,50.62139],[16.41973,50.57363],[16.3791,50.51689],[16.21035,50.42373],[16.33418,50.36689],[16.63916,50.10215],[16.98965,50.23691],[16.88008,50.42705],[17.15195,50.37832],[17.41523,50.25479],[17.70225,50.30718],[17.73545,50.23076],[17.70928,50.19355],[17.58936,50.15747],[17.62705,50.11641],[17.83125,49.9833],[17.98379,49.99907],[18.02832,50.03525],[18.30527,49.91406],[18.34844,49.92983],[18.5624,49.87935],[18.59463,49.75781],[18.80693,49.61372],[18.83223,49.51079],[18.59648,49.49146]]]}},{"type":"Feature","properties":{"country_code":"DK","iso3":"DNK","name_en":"Denmark"},"geometry":{"type":"MultiPolygon","coordinates":[[[[12.24346,55.53789],[12.21504,55.4665],[12.27539,55.41426],[12.38516,55.38564],[12.41309,55.28618],[12.32246,55.23711],[12.08994,55.18813],[12.05039,54.81533],[11.8623,54.77261],[11.74092,54.91533],[11.65381,55.18691],[11.28633,55.20444],[11.1707,55.32861],[11.18975,55.46563],[11.12803,55.53477],[11.121,55.60073],[11.00879,55.64443],[10.97891,55.72153],[11.32227,55.75254],[11.46367,55.8793],[11.47471,55.94346],[11.62773,55.95688],[11.6959,55.90791],[11.69092,55.729],[11.81973,55.69766],[11.92207,55.82808],[11.93457,55.8959],[11.86641,55.96816],[12.21895,56.11865],[12.32324,56.12212],[12.52578,56.0834],[12.6084,56.03301],[12.5248,55.91846],[12.57119,55.68496],[12.24346,55.53789]]],[[[9.61582,54.85542],[9.25498,54.80801],[8.90293,54.89692],[8.67031,54.90342],[8.63828,55.04556],[8.57295,55.13428],[8.66982,55.15566],[8.61592,55.41821],[8.13213,55.5998],[8.20234,55.98237],[8.12148,56.13989],[8.16396,56.60688],[8.28145,56.6167],[8.55293,56.5603],[8.67168,56.49565],[8.71807,56.54429],[8.73613,56.62744],[8.88809,56.73506],[9.06709,56.79385],[9.19639,56.70166],[9.25488,57.01172],[9.11045,57.04365],[8.99277,57.01611],[8.77197,56.72529],[8.46836,56.66455],[8.26826,56.754],[8.26631,56.81533],[8.42705,56.98442],[8.61855,57.11128],[9.43359,57.17432],[9.5543,57.23247],[9.9623,57.58096],[10.25908,57.61704],[10.5333,57.7354],[10.60996,57.73691],[10.48096,57.64868],[10.44463,57.56221],[10.53711,57.44854],[10.52412,57.24321],[10.29609,56.99912],[10.28271,56.62051],[10.49023,56.52051],[10.8459,56.52173],[10.92617,56.44326],[10.85645,56.29551],[10.75342,56.24199],[10.53896,56.20034],[10.42695,56.27617],[10.31875,56.21289],[10.18301,55.86519],[10.01738,55.87607],[9.90371,55.84282],[10.02363,55.76143],[9.59111,55.49321],[9.671,55.26641],[9.64326,55.20474],[9.50479,55.11626],[9.45371,55.03955],[9.64541,55.0228],[9.73232,54.96802],[9.70527,54.92832],[9.725,54.82554],[9.61582,54.85542]]],[[[10.81924,55.32188],[10.78535,55.26978],[10.8084,55.20303],[10.78525,55.1334],[10.62383,55.05244],[10.44277,55.04878],[9.98877,55.16318],[9.85898,55.35723],[9.86064,55.51548],[10.28613,55.61084],[10.50508,55.55806],[10.62275,55.61284],[10.68682,55.55762],[10.81924,55.32188]]],[[[11.73955,54.80742],[11.76592,54.67944],[11.45742,54.62886],[11.03555,54.7731],[11.05859,54.94058],[11.2585,54.95181],[11.53838,54.82959],[11.73955,54.80742]]],[[[10.62168,54.85142],[10.95107,55.1562],[10.76523,54.79966],[10.73408,54.75073],[10.68975,54.74507],[10.62168,54.85142]]],[[[12.35752,54.96182],[12.18447,54.89248],[12.11885,54.9144],[12.16172,54.9748],[12.25879,55.02109],[12.27402,55.06411],[12.51328,54.99731],[12.54922,54.96577],[12.35752,54.96182]]],[[[12.52031,55.6146],[12.62002,55.67935],[12.66572,55.59653],[12.57158,55.554],[12.52031,55.6146]]],[[[10.34053,54.85894],[10.1999,54.96274],[10.50488,54.86055],[10.41729,54.83716],[10.34053,54.85894]]],[[[9.80625,54.90601],[9.77119,55.05991],[9.99883,54.98647],[10.06123,54.88638],[9.95713,54.87246],[9.80625,54.90601]]],[[[10.52695,55.78379],[10.54434,55.90659],[10.51611,55.95854],[10.54717,55.99194],[10.66172,55.87759],[10.59033,55.76509],[10.52695,55.78379]]],[[[10.87383,57.26226],[10.93457,57.30859],[11.17451,57.3229],[11.01143,57.2291],[10.87383,57.26226]]],[[[14.68418,55.10225],[14.71367,55.23804],[14.76533,55.29673],[15.13262,55.14453],[15.13711,55.08716],[15.05078,55.00493],[14.68418,55.10225]]]]}},{"type":"Feature","properties":{"country_code":"EE","iso3":"EST","name_en":"Estonia"},"geometry":{"type":"MultiPolygon","coordinates":[[[[26.96602,57.60913],[26.53262,57.53101],[26.46211,57.54448],[26.29805,57.60107],[25.99111,57.83818],[25.79375,57.86855],[25.28262,58.04849],[25.2583,57.99614],[25.11104,58.06343],[24.32256,57.87061],[24.46387,58.10596],[24.4875,58.26162],[24.54971,58.30459],[24.5291,58.35425],[24.33691,58.3814],[24.23564,58.28955],[24.11484,58.26611],[23.76758,58.36084],[23.70605,58.43301],[23.6915,58.50562],[23.56279,58.57583],[23.50928,58.65854],[23.53066,58.71626],[23.68076,58.78716],[23.50361,58.78984],[23.43203,58.92065],[23.51504,58.99922],[23.46777,59.03218],[23.51699,59.10757],[23.49443,59.19565],[23.78252,59.27515],[24.0834,59.29189],[24.05361,59.37231],[24.17539,59.37593],[24.38037,59.47266],[24.58359,59.45566],[24.87754,59.52207],[25.44375,59.52114],[25.5209,59.55947],[25.50928,59.63901],[26.625,59.55391],[26.97471,59.45063],[27.89258,59.41421],[28.0125,59.48428],[28.15107,59.37441],[27.89766,59.27764],[27.75762,59.052],[27.51309,58.88628],[27.43418,58.78726],[27.42705,58.73306],[27.53135,58.43525],[27.48779,58.27007],[27.50244,58.22134],[27.67344,57.93462],[27.77695,57.85674],[27.54209,57.79941],[27.49199,57.72495],[27.4,57.6668],[27.35195,57.52813],[26.96602,57.60913]]],[[[22.82012,58.62153],[22.96426,58.60571],[23.32324,58.45083],[23.12715,58.43599],[22.73027,58.23066],[22.37168,58.21714],[22.26934,58.16074],[22.22734,58.05181],[22.15244,57.9668],[21.99688,57.93135],[21.98555,57.99517],[22.1877,58.15435],[21.88213,58.26235],[21.85449,58.30166],[21.92441,58.31587],[21.98408,58.38667],[21.8623,58.49717],[22.00186,58.51025],[22.08135,58.47813],[22.16855,58.51582],[22.2666,58.50796],[22.32813,58.58086],[22.54697,58.62739],[22.68838,58.59702],[22.82012,58.62153]]],[[[22.76729,58.8209],[22.66143,58.70918],[22.54219,58.68999],[22.47266,58.71206],[22.47891,58.75381],[22.41104,58.86338],[22.16191,58.89849],[22.05625,58.9436],[22.4626,58.97432],[22.58721,59.0812],[22.64941,59.08711],[22.70225,59.07441],[22.72549,59.01509],[22.90986,58.99121],[22.98164,58.91982],[23.00869,58.83394],[22.92373,58.8269],[22.8417,58.77744],[22.76729,58.8209]]],[[[23.06348,58.61108],[23.16543,58.67812],[23.33281,58.64858],[23.34355,58.55034],[23.26035,58.53999],[23.06348,58.61108]]]]}},{"type":"Feature","properties":{"country_code":"FI","iso3":"FIN","name_en":"Finland"},"geometry":{"type":"MultiPolygon","coordinates":[[[[23.90732,66.14824],[23.75146,66.19116],[23.70029,66.25264],[23.67383,66.38071],[23.70117,66.48076],[23.86553,66.57661],[23.89414,66.70688],[23.98857,66.81055],[23.9418,66.87783],[23.67734,67.06812],[23.6415,67.12939],[23.62607,67.23394],[23.7749,67.32861],[23.73359,67.4229],[23.45488,67.46025],[23.54131,67.61431],[23.5002,67.69619],[23.50186,67.8752],[23.63887,67.95439],[23.47422,68.01733],[23.31855,68.13032],[23.18252,68.13662],[23.09785,68.25757],[22.8541,68.36733],[21.99746,68.52061],[20.91855,68.90693],[20.89512,68.97983],[20.62217,69.03687],[20.67588,69.06948],[21.06572,69.04175],[21.12783,69.08081],[21.05264,69.18657],[21.06611,69.21411],[21.2668,69.27368],[21.59375,69.27358],[22.30039,68.85586],[22.41094,68.71987],[23.07168,68.67437],[23.14434,68.64258],[23.32402,68.64897],[23.70703,68.71387],[23.854,68.80591],[23.99736,68.79844],[24.94141,68.59326],[25.08691,68.6396],[25.24912,68.82134],[25.57529,68.88716],[25.74834,68.99014],[25.76719,69.28267],[25.8502,69.3665],[26.01152,69.65264],[26.52539,69.91504],[26.74023,69.93306],[27.12754,69.90649],[27.5917,70.04224],[27.88994,70.06167],[28.41172,69.82275],[29.1416,69.67144],[29.3334,69.473],[28.84629,69.1769],[28.83262,69.11899],[28.96582,69.02197],[28.41406,68.90415],[28.45352,68.87227],[28.74482,68.85645],[28.77764,68.81382],[28.4793,68.53765],[28.4707,68.48838],[28.68516,68.18979],[29.34385,68.06187],[29.98809,67.66826],[29.94121,67.54746],[29.24336,67.09658],[29.08701,66.97095],[29.06621,66.89175],[29.46436,66.53218],[29.6709,66.27612],[29.90342,66.09106],[30.0875,65.78652],[30.09531,65.68169],[29.71592,65.62456],[29.81943,65.56875],[29.72803,65.47344],[29.71484,65.33696],[29.60801,65.24868],[29.81055,65.20474],[29.82695,65.14507],[29.81084,65.10791],[29.62246,65.0395],[29.6042,64.96841],[29.70166,64.84575],[29.7832,64.8043],[30.07285,64.76504],[30.11025,64.73257],[30.12012,64.64463],[29.98555,64.55771],[29.98662,64.52427],[30.10811,64.36611],[30.48789,64.23652],[30.52607,64.07729],[30.50391,64.02061],[30.21025,63.80332],[29.9915,63.73516],[30.41855,63.50405],[31.18086,63.2083],[31.50928,62.95532],[31.53398,62.8854],[31.18672,62.4814],[30.56563,62.12759],[29.25166,61.28779],[28.40742,60.89692],[27.79766,60.53613],[27.4624,60.46484],[27.20527,60.54346],[26.95117,60.47148],[26.53467,60.41289],[26.51973,60.47158],[26.60645,60.62793],[26.56934,60.62456],[26.45645,60.4668],[26.37773,60.42407],[26.20469,60.40659],[26.03604,60.4749],[25.95596,60.47422],[26.03584,60.3415],[25.9459,60.34678],[25.75801,60.26753],[25.71543,60.26743],[25.65645,60.3332],[25.45576,60.26123],[25.26787,60.24834],[25.15586,60.19409],[24.60049,60.11426],[24.44561,60.02129],[24.34258,60.04233],[23.72178,59.96567],[23.46357,59.98623],[23.18145,59.84492],[23.02129,59.81602],[22.96387,59.82637],[23.18848,59.97222],[23.19844,60.02183],[22.99414,60.09854],[22.91172,60.20972],[22.86709,60.21582],[22.81914,60.10137],[22.7498,60.05728],[22.4627,60.0292],[22.43857,60.09028],[22.47109,60.14697],[22.44268,60.15688],[22.46973,60.20132],[22.58994,60.22837],[22.58799,60.25566],[22.5123,60.28135],[22.58496,60.38057],[22.25791,60.40093],[21.8543,60.50542],[21.80527,60.59414],[21.61328,60.53096],[21.43604,60.59639],[21.41064,60.63696],[21.36055,60.96748],[21.37773,61.05923],[21.4791,61.17051],[21.51348,61.2812],[21.50664,61.48433],[21.56504,61.48433],[21.49824,61.55195],[21.60596,61.59155],[21.38486,61.91494],[21.25596,61.98965],[21.35371,62.22383],[21.34336,62.27739],[21.32344,62.34258],[21.16563,62.41406],[21.10361,62.62295],[21.11816,62.68926],[21.1957,62.79053],[21.45752,62.95],[21.47354,63.03325],[21.65098,63.03931],[21.56865,63.11372],[21.54512,63.2043],[21.80039,63.2377],[21.8957,63.21025],[22.31973,63.31045],[22.24326,63.43794],[22.346,63.44238],[22.31865,63.50439],[22.39805,63.49116],[22.52764,63.57998],[22.53232,63.64785],[22.75625,63.68335],[23.49395,64.03447],[23.59893,64.04092],[23.65293,64.13418],[23.9248,64.27412],[24.02227,64.38599],[24.27832,64.51528],[24.53018,64.73867],[24.55791,64.80103],[24.94219,64.88403],[25.28818,64.86035],[25.28076,64.91641],[25.22803,64.95103],[25.37266,65.00947],[25.34023,65.09863],[25.25586,65.14326],[25.34785,65.47925],[25.2418,65.54629],[24.83936,65.66035],[24.6749,65.6707],[24.58154,65.75713],[24.62803,65.85918],[24.4043,65.78047],[24.15547,65.80527],[24.04902,65.98984],[23.90732,66.14824]]],[[[21.81865,60.38184],[21.80566,60.40122],[21.846,60.41245],[21.82725,60.46992],[21.90684,60.43848],[21.95029,60.40171],[21.90781,60.39316],[21.99424,60.33667],[21.92148,60.33228],[21.81865,60.38184]]],[[[21.36602,63.26177],[21.42197,63.2459],[21.41563,63.19736],[21.36719,63.20723],[21.25342,63.152],[21.14932,63.19946],[21.08389,63.27754],[21.23633,63.27773],[21.22852,63.22266],[21.36602,63.26177]]],[[[22.35498,60.35586],[22.41553,60.30337],[22.31289,60.26997],[22.30576,60.22856],[22.36055,60.16558],[22.2583,60.16563],[22.18809,60.23677],[22.07715,60.28633],[22.12588,60.35586],[22.1751,60.37075],[22.35498,60.35586]]],[[[21.3,60.47979],[21.21455,60.60386],[21.26807,60.63828],[21.45088,60.52959],[21.43691,60.48306],[21.3,60.47979]]],[[[21.69502,60.11436],[21.70479,60.17231],[21.86436,60.20181],[21.8332,60.14053],[21.69502,60.11436]]],[[[21.48604,60.12681],[21.56797,60.17231],[21.63408,60.16899],[21.62832,60.10781],[21.54063,60.0979],[21.48604,60.12681]]],[[[24.57861,64.97856],[24.57656,65.04287],[24.78604,65.08643],[24.99756,65.03872],[24.69893,64.95781],[24.57861,64.97856]]]]}},{"type":"Feature","properties":{"country_code":"FR","iso3":"FRA","name_en":"France"},"geometry":{"type":"MultiPolygon","coordinates":[[[[9.52617,42.55264],[9.55068,42.12974],[9.40088,41.92622],[9.37422,41.67881],[9.18613,41.38491],[8.89502,41.51616],[8.80752,41.58838],[8.88682,41.70068],[8.71797,41.76143],[8.75869,41.87041],[8.74043,41.92515],[8.62188,41.93071],[8.61514,41.95913],[8.70254,42.04312],[8.70098,42.09561],[8.58779,42.16084],[8.56621,42.2188],[8.67549,42.28403],[8.62588,42.34341],[8.56563,42.35771],[8.71309,42.54976],[8.81484,42.60791],[9.04365,42.66167],[9.13789,42.73291],[9.2877,42.69463],[9.31338,42.71318],[9.36318,43.01738],[9.41523,43.02148],[9.46328,42.98101],[9.48037,42.80542],[9.4542,42.65859],[9.52617,42.55264]]],[[[7.42002,47.45518],[7.34316,47.43311],[7.20313,47.43271],[7.13604,47.48984],[7.05342,47.48936],[6.90039,47.39424],[7.00059,47.32251],[6.66689,47.02651],[6.45625,46.94834],[6.41016,46.75542],[6.16074,46.61104],[6.06797,46.45854],[6.06025,46.42817],[6.12324,46.37861],[6.0959,46.27939],[5.97002,46.2147],[5.97148,46.15122],[6.00664,46.14233],[6.19941,46.19307],[6.27295,46.25225],[6.23467,46.33262],[6.42891,46.43052],[6.77607,46.40664],[6.8168,46.2752],[6.77207,46.16514],[7.02109,45.92578],[6.80449,45.81455],[6.79092,45.74087],[7.01367,45.50049],[7.15342,45.40093],[7.07832,45.23994],[6.84229,45.13564],[6.69229,45.14429],[6.62773,45.11797],[6.63477,45.06816],[6.69141,45.02261],[6.73818,44.92139],[6.99268,44.82729],[7.03066,44.7167],[6.96035,44.67715],[6.84297,44.51069],[6.89385,44.42817],[6.8748,44.39204],[6.9002,44.33574],[6.96729,44.28003],[7.31855,44.13799],[7.63721,44.16484],[7.67715,44.08315],[7.48203,43.86489],[7.49316,43.76714],[7.39502,43.76533],[7.37773,43.73174],[7.18145,43.65913],[6.86475,43.43833],[6.7166,43.37358],[6.65723,43.26167],[6.57021,43.19907],[6.11592,43.07236],[6.03057,43.10098],[5.80947,43.0979],[5.67158,43.17783],[5.40654,43.22852],[5.32021,43.34492],[5.07314,43.3666],[5.05977,43.44453],[4.71211,43.37329],[4.22422,43.47964],[4.05264,43.59307],[3.91084,43.56309],[3.78477,43.46162],[3.25889,43.19321],[3.05176,42.91514],[3.09092,42.59087],[3.21143,42.43115],[2.89141,42.45605],[2.70186,42.4085],[2.65166,42.34048],[2.20039,42.42095],[2.03271,42.35352],[1.98652,42.3585],[1.92793,42.42632],[1.70605,42.50332],[1.74023,42.55674],[1.70986,42.60444],[1.50137,42.64272],[1.42832,42.5959],[1.34941,42.69067],[0.76445,42.83804],[0.66982,42.83574],[0.63164,42.6896],[0.25547,42.69292],[0.20137,42.71934],[-0.04116,42.68911],[-0.29932,42.82534],[-0.58643,42.79897],[-0.76265,42.93979],[-0.93384,42.94951],[-1.17544,43.02114],[-1.28545,43.05962],[-1.30005,43.10098],[-1.37051,43.0376],[-1.46084,43.05176],[-1.48047,43.07114],[-1.42261,43.14912],[-1.41069,43.24009],[-1.71284,43.30703],[-1.79272,43.37256],[-1.79404,43.40732],[-1.63145,43.43804],[-1.48486,43.56377],[-1.346,44.02021],[-1.24551,44.55986],[-1.1708,44.66182],[-1.07695,44.68984],[-1.15288,44.76401],[-1.24521,44.6667],[-1.18906,45.16147],[-1.08101,45.53242],[-0.82632,45.38066],[-0.76665,45.31436],[-0.69111,45.09346],[-0.54849,45.00059],[-0.64111,45.09019],[-0.73311,45.38462],[-0.79077,45.46802],[-1.196,45.71445],[-1.20996,45.7709],[-1.03174,45.74106],[-1.10439,45.92534],[-1.14629,46.31138],[-1.39248,46.3501],[-1.78652,46.51484],[-2.05937,46.8103],[-2.09028,46.92051],[-2.0189,47.03765],[-2.08193,47.11162],[-2.19707,47.16294],[-2.1083,47.26294],[-2.02759,47.27358],[-1.74253,47.21597],[-1.97539,47.31069],[-2.35303,47.27876],[-2.50312,47.31206],[-2.53003,47.38159],[-2.42769,47.4709],[-2.55405,47.52705],[-2.77031,47.51387],[-2.79678,47.53726],[-2.73311,47.60181],[-2.78721,47.62554],[-2.96406,47.60107],[-3.06421,47.62134],[-3.15884,47.69468],[-3.44395,47.71104],[-3.50781,47.75313],[-3.90093,47.83755],[-4.31211,47.8229],[-4.42798,47.96895],[-4.67881,48.0395],[-4.6292,48.08579],[-4.37783,48.12881],[-4.32944,48.16997],[-4.51221,48.22974],[-4.57715,48.29004],[-4.24141,48.30366],[-4.39316,48.36763],[-4.71938,48.36313],[-4.7625,48.45024],[-4.72075,48.53989],[-4.5312,48.61997],[-4.05889,48.70752],[-3.71479,48.7105],[-3.47148,48.81294],[-3.23145,48.84082],[-3.00322,48.79067],[-2.69233,48.53682],[-2.44619,48.64829],[-2.07944,48.64502],[-2.00371,48.58208],[-1.90571,48.69712],[-1.82471,48.63052],[-1.37646,48.65259],[-1.48047,48.69761],[-1.56548,48.80552],[-1.58311,49.20239],[-1.81343,49.49014],[-1.87007,49.59512],[-1.85645,49.68379],[-1.58823,49.66768],[-1.36572,49.70728],[-1.25864,49.68018],[-1.23228,49.49487],[-1.13853,49.38789],[-0.5209,49.35454],[-0.16348,49.29678],[0.13613,49.40151],[0.41689,49.44839],[0.43926,49.47319],[0.27764,49.46328],[0.12939,49.50845],[0.10938,49.55752],[0.18672,49.70303],[0.61621,49.86294],[1.24551,49.99824],[1.40723,50.08853],[1.59277,50.2522],[1.55156,50.29395],[1.57949,50.73926],[1.67227,50.88501],[1.9125,50.99062],[2.5249,51.09712],[2.60146,50.95527],[2.59678,50.87593],[2.75938,50.75063],[2.83975,50.71177],[3.10684,50.77944],[3.23496,50.66294],[3.27334,50.53154],[3.59541,50.47734],[3.68936,50.30605],[3.74805,50.34351],[3.94971,50.33594],[4.04414,50.32134],[4.17461,50.24648],[4.13525,50.1438],[4.19219,50.09414],[4.13682,50.0],[4.17607,49.96025],[4.54502,49.96025],[4.65615,50.00244],[4.70664,50.09707],[4.81865,50.15317],[4.86055,50.13589],[4.79004,49.95957],[4.8415,49.9145],[4.86758,49.78813],[5.00693,49.77837],[5.27881,49.67793],[5.50732,49.51089],[5.78975,49.53828],[6.01143,49.44546],[6.24219,49.49434],[6.45811,49.44287],[6.53428,49.39468],[6.73545,49.1606],[6.89121,49.20752],[7.00146,49.17988],[7.03672,49.1127],[7.45059,49.1522],[7.52549,49.08638],[7.61094,49.06177],[8.13486,48.97358],[8.14033,48.88643],[7.83799,48.63604],[7.70566,48.28003],[7.6166,48.15679],[7.58418,48.06431],[7.6085,48.00259],[7.59326,47.90566],[7.52939,47.67388],[7.56543,47.60654],[7.61563,47.59272],[7.49492,47.54736],[7.42002,47.45518]]],[[[-1.3687,45.96768],[-1.38867,46.05039],[-1.28506,46.00269],[-1.17832,45.90405],[-1.21357,45.8166],[-1.3687,45.96768]]]]}},{"type":"Feature","properties":{"country_code":"GE","iso3":"GEO","name_en":"Georgia"},"geometry":{"type":"Polygon","coordinates":[[[43.35898,41.19014],[43.20547,41.19917],[43.15283,41.23643],[43.14102,41.26484],[43.17129,41.28794],[43.14902,41.30713],[42.82168,41.49238],[42.7541,41.57891],[42.60684,41.57881],[42.46641,41.43984],[42.21113,41.48672],[41.92578,41.49565],[41.82354,41.43237],[41.51006,41.51748],[41.70176,41.70542],[41.75879,41.81714],[41.76299,41.97002],[41.66328,42.14687],[41.48877,42.65933],[41.41943,42.73765],[41.12871,42.82813],[41.06162,42.93086],[40.83662,43.06348],[40.46211,43.1457],[39.97832,43.41982],[40.08457,43.55312],[40.1502,43.56978],[40.51895,43.51201],[40.64805,43.53389],[41.08311,43.37446],[41.3582,43.3334],[41.58057,43.21924],[42.05,43.19014],[42.41904,43.22422],[42.56602,43.15513],[42.76064,43.16958],[42.9916,43.0915],[43.0002,43.04966],[43.08916,42.98906],[43.78262,42.74702],[43.79541,42.70298],[43.73838,42.61699],[43.82598,42.57153],[43.95742,42.56655],[44.50586,42.74863],[44.64434,42.73472],[44.77109,42.6168],[44.871,42.7564],[45.16025,42.675],[45.34375,42.52979],[45.65557,42.51768],[45.72754,42.47505],[45.63857,42.20508],[45.954,42.0354],[46.2127,41.98989],[46.42988,41.89097],[46.30254,41.75708],[46.20186,41.73687],[46.19053,41.62485],[46.25469,41.60215],[46.30547,41.50771],[46.61895,41.34375],[46.67256,41.28682],[46.62637,41.15967],[46.45791,41.07021],[46.1707,41.19785],[46.03125,41.16729],[45.79277,41.22441],[45.6957,41.28901],[45.71563,41.33765],[45.28096,41.44956],[44.97588,41.27749],[44.81133,41.25938],[44.84141,41.21138],[44.47305,41.19102],[44.22734,41.21333],[43.79316,41.1311],[43.4416,41.12598],[43.35898,41.19014]]]}},{"type":"Feature","properties":{"country_code":"DE","iso3":"DEU","name_en":"Germany"},"geometry":{"type":"MultiPolygon","coordinates":[[[[9.18281,47.6707],[8.88115,47.6564],[8.83115,47.70361],[8.72832,47.70005],[8.57266,47.77563],[8.43574,47.73135],[8.40342,47.68779],[8.41328,47.6627],[8.57051,47.63779],[8.43008,47.59214],[8.19824,47.60693],[7.92705,47.56387],[7.69805,47.56987],[7.56543,47.60654],[7.52939,47.67388],[7.53857,47.77363],[7.59326,47.90566],[7.6085,48.00259],[7.58418,48.06431],[7.6166,48.15679],[7.70566,48.28003],[7.83799,48.63604],[8.14033,48.88643],[8.13486,48.97358],[7.61094,49.06177],[7.52549,49.08638],[7.45059,49.1522],[7.03672,49.1127],[7.00146,49.17988],[6.89121,49.20752],[6.73545,49.1606],[6.53428,49.39468],[6.45811,49.44287],[6.34434,49.45273],[6.37832,49.59961],[6.48477,49.70781],[6.4873,49.79849],[6.25605,49.87217],[6.10977,50.03438],[6.12129,50.13936],[6.1751,50.23267],[6.36445,50.31616],[6.34092,50.45176],[6.17871,50.52251],[6.16846,50.54536],[6.23594,50.59668],[5.99395,50.75044],[6.04844,50.90488],[5.85752,51.03013],[5.93926,51.04082],[6.12998,51.14741],[6.08242,51.17998],[6.07588,51.22412],[6.19883,51.45],[6.08936,51.63779],[5.94854,51.7624],[5.94873,51.80269],[6.1665,51.88076],[6.35566,51.82466],[6.7418,51.91089],[6.80244,51.98018],[6.71563,52.03618],[6.72451,52.08022],[6.97725,52.20552],[7.01963,52.26602],[7.03516,52.38022],[7.00186,52.41899],[6.74883,52.46401],[6.6916,52.53018],[6.71074,52.61787],[6.74844,52.63408],[7.01318,52.63354],[7.11709,52.88701],[7.17949,52.96621],[7.19727,53.28228],[7.05332,53.37583],[7.10713,53.55698],[7.20645,53.65454],[7.28525,53.68135],[8.00928,53.69072],[8.16709,53.54341],[8.1085,53.46768],[8.24521,53.44531],[8.33389,53.6062],[8.49268,53.51436],[8.49521,53.39424],[8.53848,53.55688],[8.50625,53.67075],[8.52842,53.7811],[8.61895,53.875],[8.89775,53.83569],[9.20557,53.85596],[9.32197,53.81348],[9.58535,53.60049],[9.78398,53.55464],[9.63125,53.6002],[9.31201,53.85913],[8.97813,53.92622],[8.90352,54.00029],[8.90664,54.26079],[8.78037,54.31304],[8.64492,54.29497],[8.62578,54.35396],[8.64805,54.39766],[8.95186,54.46758],[8.95723,54.53833],[8.68232,54.79185],[8.67031,54.90342],[8.90293,54.89692],[9.25498,54.80801],[9.61582,54.85542],[9.89229,54.78062],[10.02217,54.67393],[10.02881,54.5813],[9.86865,54.47246],[10.14346,54.48843],[10.2124,54.40894],[10.36045,54.43833],[10.73154,54.31626],[11.01338,54.37915],[11.06436,54.28052],[11.00859,54.18115],[10.81074,54.07515],[10.85459,54.00981],[10.91777,53.99531],[11.1043,54.00918],[11.39961,53.94463],[11.79629,54.14546],[12.11133,54.16831],[12.57539,54.46738],[13.02861,54.41104],[13.14746,54.28271],[13.44805,54.14087],[13.72422,54.15322],[13.82227,54.01904],[13.86553,53.85337],[14.025,53.76743],[14.25889,53.72964],[14.41455,53.2835],[14.41094,53.19902],[14.36855,53.10557],[14.13887,52.93286],[14.12861,52.87822],[14.51406,52.64561],[14.61943,52.52852],[14.55459,52.35967],[14.61563,52.27764],[14.67988,52.25],[14.70459,52.11021],[14.75254,52.08184],[14.6749,51.90483],[14.60166,51.83237],[14.7249,51.66172],[14.72471,51.52388],[14.93555,51.43535],[15.0166,51.25273],[14.96387,51.09512],[14.7665,50.81831],[14.61357,50.85557],[14.62383,50.91475],[14.5457,50.99395],[14.31973,51.03779],[14.25586,51.00186],[14.36904,50.89873],[13.89854,50.76128],[13.55674,50.70464],[13.43613,50.60107],[13.37461,50.62173],[13.2377,50.57676],[13.18115,50.5105],[13.01641,50.49038],[12.94268,50.40645],[12.76543,50.43096],[12.54902,50.39341],[12.45264,50.3498],[12.27734,50.18145],[12.13486,50.31094],[12.09922,50.31099],[12.08975,50.26855],[12.20781,50.09751],[12.51201,49.8958],[12.39053,49.73965],[12.63203,49.46123],[12.81338,49.32935],[12.9167,49.33047],[13.14053,49.15835],[13.28877,49.09746],[13.40117,48.97759],[13.54766,48.95967],[13.76992,48.81597],[13.81475,48.76694],[13.78535,48.58745],[13.6752,48.52305],[13.48662,48.58184],[13.37461,48.36138],[12.89746,48.20371],[12.76035,48.10698],[12.76006,48.07598],[12.95352,47.89063],[12.9542,47.80776],[12.89766,47.72188],[13.03359,47.69873],[13.0541,47.65513],[13.01436,47.47808],[12.80938,47.54219],[12.77139,47.6394],[12.68584,47.66934],[12.48291,47.6373],[12.20928,47.71826],[12.18564,47.61953],[11.7168,47.5835],[11.39297,47.48716],[11.29795,47.4249],[11.04199,47.39312],[10.98086,47.39814],[10.87305,47.52021],[10.43945,47.55156],[10.36914,47.36606],[10.31279,47.31343],[10.18301,47.27881],[10.20029,47.36343],[10.06631,47.39336],[10.05986,47.44907],[9.97158,47.50532],[9.74893,47.57554],[9.65059,47.52588],[9.52402,47.52422],[9.18281,47.6707]]],[[[13.70732,54.28115],[13.59492,54.33818],[13.48203,54.3374],[13.41455,54.24956],[13.36436,54.24585],[13.16211,54.36455],[13.17666,54.54424],[13.23145,54.58276],[13.23994,54.63843],[13.33682,54.69712],[13.42275,54.69932],[13.49121,54.61538],[13.65762,54.55957],[13.6707,54.53545],[13.58047,54.46396],[13.60186,54.42515],[13.70918,54.38271],[13.73418,54.31543],[13.70732,54.28115]]],[[[14.21367,53.87075],[13.92578,53.87905],[13.90215,53.93896],[13.92168,53.99663],[13.82715,54.05957],[13.82773,54.12725],[14.21143,53.95034],[14.21367,53.87075]]],[[[11.01172,54.46616],[11.04346,54.51548],[11.08496,54.5334],[11.23359,54.50127],[11.28281,54.41797],[11.1293,54.41602],[11.01172,54.46616]]],[[[8.2957,54.9083],[8.40518,55.05874],[8.45146,55.05537],[8.39043,54.98628],[8.37988,54.89985],[8.62959,54.89175],[8.60059,54.86538],[8.34736,54.84761],[8.28467,54.76709],[8.2957,54.9083]]],[[[8.45381,54.69106],[8.40039,54.71411],[8.46816,54.75742],[8.57344,54.74873],[8.58789,54.7127],[8.45381,54.69106]]]]}},{"type":"Feature","properties":{"country_code":"GR","iso3":"GRC","name_en":"Greece"},"geometry":{"type":"MultiPolygon","coordinates":[[[[27.78574,36.60752],[27.8625,36.64116],[27.86904,36.58267],[27.83828,36.53799],[27.78574,36.60752]]],[[[20.69521,38.24619],[20.78887,38.14209],[20.76133,38.07056],[20.60615,38.11973],[20.52354,38.10664],[20.45215,38.23418],[20.35254,38.17988],[20.40869,38.33677],[20.43506,38.3562],[20.48145,38.31821],[20.51963,38.33232],[20.56318,38.47495],[20.6123,38.38335],[20.62471,38.26787],[20.69521,38.24619]]],[[[20.90908,37.73213],[20.81855,37.66475],[20.70381,37.74346],[20.61953,37.85503],[20.6915,37.92954],[20.75869,37.85298],[20.83984,37.84072],[20.99395,37.70801],[20.90908,37.73213]]],[[[20.55469,38.58257],[20.55791,38.66187],[20.63467,38.81758],[20.69414,38.84424],[20.71963,38.79917],[20.71484,38.63833],[20.55469,38.58257]]],[[[20.64639,38.41431],[20.62363,38.48032],[20.70127,38.45142],[20.75869,38.32944],[20.70928,38.3186],[20.64639,38.41431]]],[[[19.88398,39.46152],[19.80889,39.5853],[19.64893,39.72617],[19.64648,39.76709],[19.83857,39.82012],[19.92607,39.77373],[19.93682,39.74673],[19.84668,39.66812],[19.9041,39.61948],[19.95527,39.47041],[20.07793,39.43271],[20.09961,39.37661],[19.88398,39.46152]]],[[[23.87822,38.68657],[24.09902,38.671],[24.19971,38.54102],[24.1875,38.46343],[24.27578,38.22002],[24.35967,38.1625],[24.56328,38.14751],[24.58838,38.12397],[24.57852,38.02017],[24.50234,37.96992],[24.35947,38.01855],[24.21201,38.11753],[24.18906,38.2043],[24.04014,38.38999],[23.75879,38.40122],[23.65078,38.44307],[23.61738,38.55254],[23.25215,38.80122],[23.0291,38.87339],[22.93574,38.83965],[22.87031,38.87051],[23.1458,39.00269],[23.3127,39.03491],[23.41543,38.95864],[23.47197,38.8501],[23.87822,38.68657]]],[[[23.66611,39.09536],[23.59395,39.20859],[23.77979,39.1144],[23.73516,39.08057],[23.66611,39.09536]]],[[[23.88809,39.22637],[23.9709,39.26772],[23.93975,39.20054],[23.84121,39.14658],[23.88809,39.22637]]],[[[24.54102,38.78867],[24.56641,38.83237],[24.46104,38.88862],[24.48564,38.98027],[24.56406,38.94224],[24.58125,38.87886],[24.67471,38.80923],[24.54102,38.78867]]],[[[24.51553,40.64702],[24.5167,40.68721],[24.62334,40.79292],[24.71914,40.78628],[24.78633,40.70386],[24.77422,40.61519],[24.6459,40.57944],[24.51553,40.64702]]],[[[23.43525,37.91147],[23.41934,37.93125],[23.46221,37.98037],[23.51553,37.98604],[23.55098,37.92588],[23.43525,37.91147]]],[[[22.93945,36.17622],[22.91084,36.221],[22.90566,36.32031],[22.95049,36.38394],[23.09707,36.24658],[23.04219,36.14639],[22.93945,36.17622]]],[[[27.09912,35.45645],[27.11582,35.51113],[27.0707,35.59775],[27.15605,35.72627],[27.15801,35.78867],[27.22314,35.82046],[27.15723,35.62949],[27.23359,35.47856],[27.17607,35.46528],[27.13789,35.40908],[27.09912,35.45645]]],[[[26.9377,37.02461],[26.88867,37.08726],[27.04014,37.00156],[27.01973,36.95903],[26.91992,36.94521],[26.9377,37.02461]]],[[[27.06113,36.84038],[27.21494,36.89863],[27.35215,36.8689],[27.15098,36.77759],[26.91836,36.72593],[27.06113,36.84038]]],[[[25.36191,37.07041],[25.52529,37.19639],[25.56436,37.18511],[25.58428,37.03931],[25.5459,36.96758],[25.45674,36.92969],[25.36191,37.07041]]],[[[25.1333,36.99966],[25.10547,37.03496],[25.14648,37.10742],[25.27529,37.13784],[25.27891,37.06841],[25.19941,36.99131],[25.1333,36.99966]]],[[[25.37051,36.35894],[25.41289,36.40488],[25.40898,36.47373],[25.48242,36.39263],[25.43594,36.34009],[25.37051,36.35894]]],[[[25.25996,36.75845],[25.2959,36.78916],[25.40693,36.71733],[25.36436,36.65835],[25.25996,36.75845]]],[[[27.03965,37.77002],[27.05508,37.70928],[26.84492,37.64473],[26.72051,37.70547],[26.58105,37.72373],[26.63867,37.78086],[26.74336,37.80977],[27.03965,37.77002]]],[[[26.08633,37.63491],[26.35137,37.67432],[26.20488,37.56851],[25.98242,37.52559],[26.08633,37.63491]]],[[[25.74316,36.78975],[26.00068,36.9374],[26.06445,36.90273],[25.85938,36.79043],[25.74316,36.78975]]],[[[26.33145,36.51138],[26.27002,36.54692],[26.26982,36.59541],[26.33701,36.58057],[26.38418,36.60786],[26.37002,36.63857],[26.46064,36.5854],[26.33145,36.51138]]],[[[24.27744,37.60112],[24.32041,37.67773],[24.3791,37.68271],[24.40078,37.64902],[24.28896,37.52827],[24.27744,37.60112]]],[[[24.39775,37.38345],[24.36973,37.41963],[24.43125,37.4752],[24.48145,37.40801],[24.37891,37.31411],[24.39775,37.38345]]],[[[24.53066,36.68398],[24.32598,36.65562],[24.35742,36.74429],[24.4252,36.71294],[24.53574,36.76377],[24.53066,36.68398]]],[[[24.89619,37.40659],[24.90654,37.50889],[24.94287,37.49351],[24.93789,37.3897],[24.89619,37.40659]]],[[[24.71436,37.89888],[24.7002,37.96167],[24.79043,37.99014],[24.85508,37.91367],[24.95635,37.90479],[24.9917,37.75962],[24.96221,37.69238],[24.71436,37.89888]]],[[[25.15635,37.54507],[24.99648,37.6769],[25.22539,37.63066],[25.25586,37.59961],[25.21875,37.53511],[25.15635,37.54507]]],[[[24.671,36.99858],[24.71611,37.02383],[24.76318,36.94922],[24.70264,36.91709],[24.671,36.99858]]],[[[25.87432,38.26963],[25.99141,38.35352],[25.85127,38.5084],[25.84609,38.57402],[26.0125,38.60171],[26.16035,38.54072],[26.15703,38.30293],[26.11074,38.27964],[26.09404,38.21807],[25.99854,38.16152],[25.87432,38.26963]]],[[[26.57822,39.10952],[26.58398,39.03145],[26.48867,39.0748],[26.54717,38.99414],[26.39014,38.97393],[26.16084,39.02588],[26.10791,39.08105],[26.27314,39.19756],[26.17598,39.19429],[26.07236,39.09561],[25.90625,39.13896],[25.84414,39.20005],[25.90957,39.28755],[26.08838,39.3043],[26.16484,39.33198],[26.16543,39.37354],[26.34775,39.38301],[26.41016,39.32944],[26.39277,39.27012],[26.57822,39.10952]]],[[[25.44805,40.48281],[25.56855,40.51587],[25.68574,40.42656],[25.57266,40.40044],[25.44805,40.48281]]],[[[25.35703,39.80811],[25.26338,39.82295],[25.24941,39.89414],[25.18516,39.82993],[25.06221,39.85239],[25.05801,39.99966],[25.23418,40.00542],[25.28574,39.9563],[25.44912,40.03481],[25.35703,39.80811]]],[[[25.3127,37.48931],[25.34814,37.50918],[25.46299,37.47109],[25.40273,37.41914],[25.30713,37.41299],[25.3127,37.48931]]],[[[24.4248,37.13198],[24.48379,37.21021],[24.53594,37.16768],[24.48652,37.11006],[24.4248,37.13198]]],[[[27.71553,35.95732],[27.75732,36.06919],[27.71631,36.17158],[27.91445,36.34531],[28.23184,36.43364],[28.23008,36.37026],[28.14404,36.20986],[28.06768,36.12969],[28.08779,36.06533],[27.96553,36.04751],[27.84277,35.9293],[27.77061,35.9083],[27.71553,35.95732]]],[[[24.01328,35.52944],[24.09336,35.59385],[24.16602,35.59521],[24.19775,35.53745],[24.10898,35.4958],[24.17852,35.45952],[24.25537,35.4686],[24.2749,35.38599],[24.354,35.35947],[24.72129,35.4248],[25.00313,35.40986],[25.1043,35.34692],[25.47568,35.3062],[25.73018,35.34858],[25.75586,35.32637],[25.74502,35.14272],[25.79131,35.12285],[26.02803,35.21528],[26.16787,35.21509],[26.32021,35.31514],[26.24434,35.04468],[26.16563,35.0186],[25.82969,35.0252],[24.7998,34.93447],[24.74521,34.95063],[24.70889,35.08906],[24.46367,35.16035],[23.88359,35.24609],[23.63809,35.23516],[23.56162,35.29517],[23.56982,35.53477],[23.60869,35.56626],[23.67266,35.51392],[23.71543,35.55015],[23.73691,35.65552],[23.79336,35.5562],[24.01328,35.52944]]],[[[26.58135,41.60127],[26.6249,41.40176],[26.60234,41.35415],[26.33066,41.23877],[26.3541,40.99707],[26.10918,40.74966],[26.03896,40.72676],[26.01074,40.76914],[25.85566,40.84409],[25.49678,40.88779],[25.32529,40.94312],[25.2501,40.93281],[25.10449,40.99473],[24.79297,40.85752],[24.47705,40.94775],[24.38379,40.91274],[24.23438,40.78613],[24.08232,40.72407],[23.76279,40.7478],[23.74326,40.677],[23.87891,40.54438],[23.83193,40.48154],[23.8668,40.41855],[24.03057,40.40933],[24.21279,40.32778],[24.34336,40.14771],[24.15879,40.28003],[23.91318,40.35879],[23.82344,40.36802],[23.72793,40.32974],[23.72051,40.28628],[23.96748,40.11455],[24.00078,40.02461],[23.94707,39.96558],[23.83535,40.02227],[23.66455,40.22383],[23.42627,40.26396],[23.38643,40.22197],[23.4332,40.11543],[23.67412,39.95889],[23.62734,39.92407],[23.39561,39.98984],[23.32822,40.08994],[23.31201,40.21646],[22.89648,40.3999],[22.85137,40.49062],[22.92227,40.59087],[22.81143,40.57861],[22.62949,40.49556],[22.64268,40.3666],[22.56934,40.11934],[22.59219,40.03691],[22.83574,39.80059],[22.97881,39.56382],[23.10342,39.49204],[23.2334,39.35845],[23.32773,39.1749],[23.21836,39.10439],[23.15469,39.10146],[23.11943,39.13276],[23.16875,39.21045],[23.16172,39.25776],[22.99287,39.33105],[22.92139,39.30635],[22.83896,39.25859],[22.88604,39.16997],[22.96553,39.03091],[23.0667,39.03794],[22.80264,38.90161],[22.56914,38.86748],[23.02031,38.74189],[23.1377,38.66797],[23.25293,38.66123],[23.36895,38.52554],[23.56963,38.4894],[23.68398,38.35244],[23.96699,38.275],[24.02451,38.13979],[24.05537,37.70962],[23.97158,37.67676],[23.58047,38.01055],[23.50176,38.03486],[23.42021,37.99209],[23.19365,37.95903],[23.03633,37.87837],[23.14717,37.79531],[23.14717,37.71626],[23.19756,37.62021],[23.39619,37.57979],[23.48926,37.44019],[23.16152,37.33384],[23.1,37.36377],[23.09648,37.44058],[23.01514,37.48179],[22.775,37.58511],[22.72539,37.54214],[22.76504,37.39331],[22.85107,37.29082],[23.06035,36.85352],[23.07354,36.77495],[23.04102,36.64453],[23.16016,36.4481],[22.98291,36.52837],[22.83232,36.68711],[22.77988,36.78618],[22.71719,36.79395],[22.6084,36.77974],[22.48906,36.56816],[22.48945,36.44692],[22.42773,36.47578],[22.3748,36.51357],[22.37598,36.7019],[22.23115,36.88257],[22.16475,36.90283],[22.08047,37.02896],[21.95557,36.99009],[21.93428,36.80366],[21.89238,36.7373],[21.73809,36.86323],[21.58291,37.08096],[21.57881,37.20039],[21.69248,37.30928],[21.67891,37.38721],[21.57129,37.54102],[21.3293,37.66934],[21.28848,37.77451],[21.13799,37.85415],[21.12471,37.8916],[21.30811,38.02744],[21.40371,38.19668],[21.6584,38.1751],[21.82471,38.32813],[21.95332,38.32119],[22.24375,38.18872],[22.55586,38.11323],[22.79961,37.9812],[22.92031,37.9583],[22.89316,38.05093],[23.12207,38.07334],[23.1835,38.13369],[23.09355,38.19644],[22.83438,38.23472],[22.42168,38.43853],[22.31992,38.35684],[21.96533,38.41245],[21.47256,38.32139],[21.33105,38.4873],[21.30332,38.37393],[21.18262,38.34556],[21.11318,38.38467],[20.99219,38.654],[20.87324,38.77573],[20.77686,38.80752],[20.76855,38.87441],[20.77734,38.92788],[20.89316,38.94111],[21.11162,38.89629],[21.15234,38.92207],[21.11836,39.02998],[20.77969,39.00854],[20.71338,39.03516],[20.46826,39.25527],[20.30078,39.3271],[20.19141,39.5458],[20.00127,39.70942],[20.13105,39.66162],[20.24824,39.67837],[20.30615,39.79668],[20.38242,39.80264],[20.31113,39.97944],[20.40801,40.04946],[20.60625,40.08267],[20.65742,40.11738],[20.80605,40.44546],[20.9502,40.49438],[21.03086,40.62246],[20.95576,40.77529],[20.96426,40.8499],[21.32373,40.86714],[21.4041,40.90718],[21.57578,40.86895],[21.77949,40.95044],[21.92949,41.10742],[21.99336,41.13096],[22.18447,41.15864],[22.49355,41.11851],[22.7248,41.17852],[22.78389,41.33198],[23.15596,41.32207],[23.23984,41.38496],[23.63516,41.38677],[23.88086,41.45596],[24.01133,41.46006],[24.05605,41.52725],[24.38672,41.52354],[24.51826,41.55254],[24.596,41.44272],[24.77373,41.3561],[24.84688,41.39424],[24.99355,41.36499],[25.25117,41.24355],[25.78496,41.33042],[25.92334,41.31191],[26.13535,41.38574],[26.14355,41.52153],[26.06602,41.67324],[26.10742,41.72568],[26.20059,41.7438],[26.41055,41.69634],[26.58135,41.60127]]]]}},{"type":"Feature","properties":{"country_code":"HU","iso3":"HUN","name_en":"Hungary"},"geometry":{"type":"Polygon","coordinates":[[[22.3502,48.25605],[22.52012,48.20537],[22.58242,48.13403],[22.76914,48.10962],[22.85723,48.02954],[22.87666,47.94727],[22.6084,47.76631],[22.49141,47.77256],[22.29063,47.72783],[22.03799,47.53662],[21.99971,47.50503],[21.99531,47.3957],[21.86934,47.30459],[21.78545,47.13813],[21.66143,47.0439],[21.65264,46.96377],[21.49443,46.78975],[21.49707,46.7043],[21.29453,46.57246],[21.25225,46.48638],[21.26455,46.4123],[21.1918,46.39155],[21.15195,46.30435],[21.03984,46.24224],[20.76025,46.24624],[20.70742,46.1728],[20.61367,46.1335],[20.50811,46.16694],[20.2418,46.10859],[20.16143,46.14189],[19.61348,46.16919],[19.53076,46.15518],[19.42129,46.06445],[19.27813,46.00288],[19.14629,45.98701],[19.0873,46.01616],[18.92783,45.9314],[18.66602,45.90747],[18.56465,45.81328],[18.4373,45.76733],[17.80713,45.79043],[17.63965,45.86836],[17.60703,45.91377],[17.31064,45.99614],[17.24219,46.07661],[16.93994,46.25366],[16.87148,46.33931],[16.51621,46.4999],[16.38125,46.63867],[16.38457,46.68081],[16.33545,46.72163],[16.28359,46.85728],[16.09307,46.86328],[16.25254,46.97192],[16.45342,47.00679],[16.49268,47.12266],[16.43838,47.1459],[16.41689,47.22344],[16.4626,47.27314],[16.44287,47.39951],[16.62305,47.44756],[16.67656,47.53604],[16.63975,47.60889],[16.42129,47.67446],[16.59092,47.75054],[16.78594,47.67866],[17.0666,47.70757],[17.03008,47.83711],[17.08906,47.96362],[17.14736,48.00596],[17.31729,47.99092],[17.63525,47.80991],[17.76191,47.77017],[18.72422,47.78716],[18.77803,47.85288],[18.7501,47.93945],[18.79189,48.00029],[18.91416,48.05083],[19.46699,48.11069],[19.56426,48.21284],[19.62539,48.2231],[19.89863,48.13135],[19.95039,48.14663],[20.33379,48.29556],[20.49004,48.5269],[20.8666,48.54565],[21.06729,48.50591],[21.45137,48.55225],[21.76699,48.33809],[22.22715,48.41343],[22.3502,48.25605]]]}},{"type":"Feature","properties":{"country_code":"IS","iso3":"ISL","name_en":"Iceland"},"geometry":{"type":"Polygon","coordinates":[[[-14.8561,66.38145],[-14.59585,66.38154],[-14.91221,66.28428],[-15.11641,66.10244],[-14.89404,66.03789],[-14.74043,66.05083],[-14.69819,66.02021],[-14.66899,65.95986],[-14.68823,65.89697],[-14.83931,65.78091],[-14.8271,65.76426],[-14.39185,65.7874],[-14.31816,65.68447],[-14.47339,65.57534],[-14.16694,65.64229],[-13.93545,65.61606],[-13.78525,65.53301],[-13.67031,65.54951],[-13.61787,65.51934],[-13.66777,65.39897],[-13.80479,65.35479],[-13.72285,65.29097],[-13.64111,65.275],[-13.64893,65.23696],[-13.75488,65.19253],[-13.58081,65.14302],[-13.56968,65.06812],[-13.65186,65.01685],[-13.854,64.99287],[-13.82783,64.95801],[-13.85293,64.86216],[-14.04443,64.74189],[-14.13516,64.71479],[-14.38511,64.74521],[-14.37529,64.67744],[-14.46538,64.63569],[-14.41699,64.58311],[-14.43257,64.53833],[-14.62822,64.41597],[-15.02158,64.2959],[-15.25586,64.29692],[-15.83291,64.17666],[-16.06045,64.11123],[-16.46807,63.91636],[-16.64033,63.86548],[-17.81572,63.71299],[-17.91484,63.63638],[-17.88027,63.59019],[-17.94692,63.53574],[-18.08003,63.49634],[-18.2522,63.52969],[-18.22227,63.47319],[-18.65361,63.40669],[-19.2502,63.44199],[-19.77827,63.53657],[-20.19814,63.55581],[-20.49404,63.68735],[-20.46997,63.74819],[-20.36304,63.76494],[-20.41396,63.80518],[-20.65093,63.7374],[-20.72705,63.76577],[-20.72993,63.79336],[-20.87876,63.80391],[-21.13657,63.88794],[-21.15576,63.90684],[-21.10596,63.93984],[-21.24624,63.93545],[-21.44863,63.8584],[-22.6522,63.82773],[-22.74297,64.01938],[-22.70117,64.0832],[-22.51006,63.99146],[-22.1876,64.03921],[-22.05664,64.07134],[-21.86592,64.18032],[-21.66865,64.34902],[-21.46333,64.37915],[-21.64668,64.39785],[-21.95122,64.31392],[-22.05337,64.31392],[-21.90127,64.3916],[-22.00068,64.41318],[-22.00381,64.4522],[-21.95034,64.51499],[-21.59062,64.62637],[-21.67495,64.64771],[-22.10601,64.53306],[-22.25391,64.57188],[-22.32471,64.62441],[-22.24756,64.7269],[-22.46704,64.79497],[-23.34697,64.82437],[-23.81899,64.73916],[-23.93276,64.77852],[-24.02617,64.86343],[-24.00703,64.89644],[-23.92441,64.91523],[-23.35269,64.95278],[-23.198,65.00215],[-23.10884,64.96587],[-22.78809,65.04648],[-22.59971,65.02573],[-21.89214,65.04878],[-21.80044,65.10591],[-21.76372,65.17373],[-22.09932,65.12622],[-22.50908,65.19678],[-22.31396,65.2916],[-21.90698,65.39971],[-21.84438,65.44736],[-22.00576,65.49346],[-22.31147,65.48071],[-22.3897,65.5354],[-22.6436,65.56777],[-22.81265,65.54741],[-22.90249,65.58047],[-23.8999,65.40757],[-24.22397,65.48721],[-24.45479,65.50034],[-24.47568,65.5252],[-24.34106,65.60122],[-24.24893,65.61499],[-23.85674,65.53838],[-24.01001,65.61621],[-24.01758,65.69092],[-24.11191,65.75972],[-24.09263,65.77646],[-23.90908,65.76558],[-23.61592,65.67959],[-23.28535,65.75],[-23.70474,65.7812],[-23.83262,65.84922],[-23.74131,65.88457],[-23.52495,65.88003],[-23.77734,66.01758],[-23.73716,66.06943],[-23.43447,66.02422],[-23.59854,66.10884],[-23.45254,66.18101],[-23.3,66.1666],[-23.06255,66.08623],[-23.02852,66.06367],[-23.01899,65.98213],[-22.81533,65.9835],[-22.72334,66.03901],[-22.65986,66.02593],[-22.60972,65.97646],[-22.61602,65.86748],[-22.55156,65.90542],[-22.4417,65.9083],[-22.44531,66.07002],[-22.9479,66.21274],[-22.86162,66.25146],[-22.48442,66.26631],[-22.64609,66.30156],[-22.68623,66.3377],[-23.11694,66.33872],[-22.88921,66.44063],[-22.42612,66.43013],[-22.17021,66.30713],[-21.96699,66.25698],[-21.62529,66.0897],[-21.40688,66.02559],[-21.51665,65.96758],[-21.30879,65.89531],[-21.3749,65.74189],[-21.45664,65.69824],[-21.65845,65.72358],[-21.46626,65.63516],[-21.43364,65.60967],[-21.45513,65.58467],[-21.36475,65.57822],[-21.43218,65.47407],[-21.22998,65.42061],[-21.12969,65.2666],[-20.93975,65.56519],[-20.80435,65.63643],[-20.67896,65.66309],[-20.54814,65.57949],[-20.45483,65.57104],[-20.35664,65.71904],[-20.35659,66.03325],[-20.29214,66.08437],[-20.20752,66.1001],[-20.02607,66.04927],[-19.64785,65.80078],[-19.4897,65.76807],[-19.43389,65.81445],[-19.45625,65.98491],[-19.38296,66.07568],[-18.8459,66.18394],[-18.7062,66.13574],[-18.45493,65.96455],[-18.27695,65.88472],[-18.14194,65.73408],[-18.09902,65.83027],[-18.31533,66.09316],[-18.29717,66.15742],[-17.90698,66.14331],[-17.55044,65.9644],[-17.15303,66.20283],[-16.83804,66.12524],[-16.48501,66.19595],[-16.42808,66.27837],[-16.54067,66.44673],[-16.49336,66.48115],[-16.24932,66.5229],[-15.9854,66.51465],[-15.71377,66.35859],[-15.70278,66.28574],[-15.54312,66.22852],[-15.42847,66.2248],[-14.8561,66.38145]]]}},{"type":"Feature","properties":{"country_code":"IE","iso3":"IRL","name_en":"Ireland"},"geometry":{"type":"MultiPolygon","coordinates":[[[[-10.0625,53.95972],[-10.26572,53.97769],[-10.18105,54.01685],[-9.99639,54.00361],[-9.95615,53.98721],[-9.95244,53.88457],[-10.0625,53.95972]]],[[[-7.45127,54.8771],[-7.55039,54.76797],[-7.7375,54.71045],[-7.9106,54.69834],[-7.74629,54.61582],[-7.75439,54.59492],[-8.04434,54.51245],[-8.14482,54.45352],[-7.88447,54.28379],[-7.85493,54.21528],[-7.67876,54.18667],[-7.60654,54.14385],[-7.32451,54.13345],[-7.15547,54.2395],[-7.20259,54.30181],[-7.04971,54.40825],[-7.00771,54.40669],[-6.87725,54.3291],[-6.80259,54.21436],[-6.64687,54.16343],[-6.6498,54.05864],[-6.40259,54.06064],[-6.30366,54.09487],[-6.21802,54.08872],[-6.17573,54.05352],[-6.15693,54.01724],[-6.30762,54.01104],[-6.34517,53.98721],[-6.34761,53.94131],[-6.14185,53.57754],[-6.1291,53.39087],[-6.15166,53.36641],[-6.04502,53.09116],[-6.02739,52.9271],[-6.16934,52.73813],[-6.21724,52.54312],[-6.34541,52.402],[-6.46318,52.34536],[-6.325,52.24668],[-6.56108,52.18882],[-6.78223,52.2105],[-6.89023,52.15923],[-6.96577,52.24951],[-7.00327,52.16592],[-7.52729,52.09888],[-7.6249,51.99312],[-7.87217,51.9353],[-8.05781,51.82559],[-8.14502,51.81353],[-8.29023,51.89067],[-8.40918,51.88877],[-8.34736,51.84771],[-8.3356,51.79297],[-8.34912,51.73931],[-8.40781,51.71206],[-8.73447,51.63618],[-8.81343,51.58491],[-9.29648,51.49824],[-9.46289,51.52905],[-9.7373,51.47373],[-9.83535,51.48335],[-9.71035,51.60371],[-9.5249,51.6811],[-9.57983,51.68926],[-10.12075,51.60068],[-10.06943,51.65557],[-9.74951,51.82427],[-9.59883,51.87441],[-10.08423,51.771],[-10.21172,51.78359],[-10.24175,51.81245],[-10.34106,51.79893],[-10.37871,51.86875],[-10.23159,51.97451],[-9.94604,52.07983],[-9.90967,52.12295],[-10.39023,52.13491],[-10.35669,52.20693],[-10.13208,52.28208],[-9.9373,52.23765],[-9.77212,52.2501],[-9.84106,52.29146],[-9.85322,52.37549],[-9.90605,52.40371],[-9.63223,52.54692],[-8.78345,52.67964],[-8.99028,52.75542],[-9.17539,52.63491],[-9.39424,52.61709],[-9.56104,52.65396],[-9.76436,52.57998],[-9.9166,52.56973],[-9.46489,52.82319],[-9.39365,52.89624],[-9.46196,52.94727],[-9.29922,53.09756],[-8.99717,53.16206],[-8.93013,53.20708],[-9.14033,53.25049],[-9.51421,53.23823],[-9.62598,53.33447],[-9.82539,53.32036],[-9.87578,53.34272],[-9.79541,53.39497],[-10.09126,53.41284],[-10.05439,53.47832],[-10.11699,53.54854],[-9.72065,53.60449],[-9.90972,53.65762],[-9.90161,53.7272],[-9.57822,53.80542],[-9.57886,53.87983],[-9.91406,53.86372],[-9.85635,54.0043],[-9.85645,54.09536],[-9.93447,54.07524],[-9.9771,54.18711],[-10.09268,54.15576],[-10.0564,54.25781],[-9.5623,54.30854],[-9.31553,54.29863],[-9.1459,54.20962],[-9.00244,54.28799],[-8.54556,54.24121],[-8.62314,54.34688],[-8.471,54.44194],[-8.23037,54.50728],[-8.13345,54.64082],[-8.45654,54.60928],[-8.76392,54.6812],[-8.71519,54.73203],[-8.53828,54.78296],[-8.37729,54.88945],[-8.41172,54.96509],[-8.39326,55.02041],[-8.32578,55.05645],[-8.27461,55.14629],[-8.0061,55.19531],[-7.75054,55.18579],[-7.76255,55.24834],[-7.66709,55.25649],[-7.57002,55.17139],[-7.55664,55.12222],[-7.63428,55.05498],[-7.58984,55.02505],[-7.65874,54.97095],[-7.47842,55.04697],[-7.53145,55.19385],[-7.51787,55.24795],[-7.30176,55.29878],[-7.36597,55.36021],[-7.24668,55.35303],[-6.96167,55.23789],[-7.3769,55.02769],[-7.45127,54.8771]]]]}},{"type":"Feature","properties":{"country_code":"IT","iso3":"ITA","name_en":"Italy"},"geometry":{"type":"MultiPolygon","coordinates":[[[[7.129,45.88042],[7.53857,45.97817],[7.78789,45.92183],[7.99316,46.01592],[8.1252,46.16094],[8.0957,46.27104],[8.3707,46.44512],[8.42256,46.44604],[8.4584,46.2459],[8.6417,46.11079],[8.81855,46.07715],[8.77803,45.99619],[8.95371,45.83003],[9.02373,45.8457],[9.04668,45.87559],[9.00303,46.01489],[9.25107,46.28677],[9.26016,46.4752],[9.30439,46.49556],[9.42764,46.48232],[9.48105,46.34878],[9.52871,46.3062],[9.63945,46.2959],[9.93926,46.36182],[10.08057,46.22798],[10.14521,46.25352],[10.03828,46.4832],[10.08701,46.5999],[10.19551,46.62109],[10.27227,46.56484],[10.43066,46.55005],[10.43828,46.61885],[10.39795,46.66504],[10.45283,46.86494],[10.68926,46.84639],[10.82891,46.77524],[10.99326,46.777],[11.13389,46.93618],[11.24443,46.97568],[11.77568,46.98608],[12.16943,47.08213],[12.20127,47.06089],[12.13076,46.98477],[12.1541,46.93525],[12.38828,46.70264],[13.16875,46.57266],[13.7,46.52026],[13.67969,46.46289],[13.39951,46.31753],[13.37822,46.26162],[13.421,46.2123],[13.63252,46.17705],[13.6166,46.13311],[13.48643,46.03955],[13.4877,45.98711],[13.60059,45.97979],[13.5834,45.81235],[13.72168,45.76128],[13.87471,45.61484],[13.71982,45.5876],[13.7833,45.62725],[13.62832,45.77095],[13.5582,45.7707],[13.46514,45.70996],[13.20635,45.77139],[13.03027,45.6375],[12.49756,45.46167],[12.43213,45.46792],[12.53613,45.54492],[12.4918,45.54629],[12.27432,45.44604],[12.22568,45.2415],[12.28633,45.20771],[12.39248,45.03979],[12.52344,44.96797],[12.46357,44.84521],[12.38447,44.79834],[12.27891,44.83223],[12.24834,44.72251],[12.30498,44.42944],[12.39629,44.22388],[12.69111,43.99473],[12.90703,43.92119],[13.29531,43.68608],[13.56416,43.57129],[13.80469,43.18037],[14.01045,42.68955],[14.18271,42.50645],[14.54072,42.24429],[14.86611,42.05254],[15.16875,41.93403],[15.40498,41.91323],[15.96406,41.93945],[16.16465,41.89619],[16.18916,41.81401],[16.15127,41.7585],[15.91377,41.62085],[15.90049,41.51206],[16.0126,41.4354],[16.55186,41.23203],[17.10342,41.06216],[17.47422,40.84058],[17.95498,40.65518],[18.03613,40.56494],[18.32822,40.37085],[18.46064,40.22104],[18.48584,40.10483],[18.39346,39.90361],[18.34375,39.82139],[18.21934,39.85254],[18.07793,39.93696],[17.86504,40.28018],[17.3958,40.34023],[17.25771,40.39907],[17.17998,40.50278],[17.03125,40.51348],[16.92822,40.45806],[16.66963,40.13721],[16.52998,39.85967],[16.52188,39.74756],[16.59775,39.63892],[16.82432,39.57832],[17.11455,39.38062],[17.12295,39.13657],[17.17461,38.9981],[17.09854,38.91934],[16.95146,38.93979],[16.75547,38.8897],[16.6167,38.80015],[16.55898,38.71479],[16.57422,38.49355],[16.54561,38.40908],[16.28242,38.24956],[16.05684,37.94185],[15.72451,37.93911],[15.6458,38.03423],[15.64307,38.17539],[15.7002,38.2623],[15.82236,38.30298],[15.90479,38.4835],[15.87891,38.61392],[15.92695,38.67173],[15.97236,38.7126],[16.19678,38.75923],[16.20996,38.94111],[16.10742,39.02383],[16.02363,39.35361],[15.85439,39.62651],[15.69277,39.99019],[15.58516,40.05283],[15.29453,40.07002],[14.95088,40.23901],[14.9291,40.30957],[14.98613,40.37749],[14.94766,40.46934],[14.83955,40.62998],[14.76572,40.66841],[14.33994,40.59883],[14.46055,40.72871],[14.30889,40.81265],[14.04434,40.81226],[14.04766,40.87031],[13.85977,41.12998],[13.7334,41.23564],[13.66973,41.25449],[13.55479,41.23218],[13.24688,41.28887],[13.08867,41.24385],[12.84922,41.40874],[12.63086,41.46968],[12.07529,41.94087],[11.80703,42.08203],[11.6373,42.28755],[11.29629,42.42329],[11.14121,42.38989],[11.10322,42.4166],[11.18477,42.45659],[11.16777,42.53516],[10.93779,42.73872],[10.80313,42.8043],[10.7084,42.93633],[10.51484,42.96753],[10.5208,43.20381],[10.44756,43.37119],[10.32051,43.51309],[10.2458,43.8521],[10.18809,43.94751],[10.04766,44.01997],[9.73086,44.10117],[9.28936,44.31924],[8.76582,44.42231],[8.55195,44.34614],[8.00498,43.87676],[7.49316,43.76714],[7.48203,43.86489],[7.67715,44.08315],[7.63721,44.16484],[7.31855,44.13799],[6.96729,44.28003],[6.9002,44.33574],[6.8748,44.39204],[6.89385,44.42817],[6.84297,44.51069],[6.96035,44.67715],[7.03066,44.7167],[6.99268,44.82729],[6.73818,44.92139],[6.69141,45.02261],[6.63477,45.06816],[6.62773,45.11797],[6.69229,45.14429],[6.84229,45.13564],[7.07832,45.23994],[7.15342,45.40093],[7.01367,45.50049],[6.88145,45.67036],[6.80625,45.71001],[6.78916,45.78008],[6.80449,45.81455],[7.02109,45.92578],[7.129,45.88042]],[[12.43057,41.90547],[12.42754,41.90073],[12.43916,41.89839],[12.43057,41.90547]],[[12.50371,43.98975],[12.44111,43.98242],[12.39688,43.93457],[12.42637,43.89409],[12.48525,43.90142],[12.50371,43.98975]]],[[[10.41934,42.71318],[10.33564,42.76113],[10.13125,42.74204],[10.10977,42.78506],[10.12754,42.8103],[10.35898,42.82231],[10.39512,42.85815],[10.42832,42.81919],[10.41934,42.71318]]],[[[13.85352,40.72407],[13.87119,40.76182],[13.96211,40.7394],[13.89365,40.69697],[13.85352,40.72407]]],[[[11.94063,36.78037],[11.94805,36.84307],[12.02422,36.82095],[12.05127,36.75703],[12.00332,36.746],[11.94063,36.78037]]],[[[15.23447,37.78481],[15.09951,37.45859],[15.11699,37.33472],[15.23027,37.24434],[15.17412,37.20918],[15.28867,37.09692],[15.2957,37.05518],[15.29453,37.01328],[15.18516,36.93481],[15.11582,36.83926],[15.1126,36.68784],[14.88965,36.72354],[14.77598,36.7104],[14.50186,36.79868],[14.36729,36.97285],[14.25908,37.04644],[14.14297,37.10366],[13.90547,37.10063],[13.80059,37.13589],[13.36094,37.34873],[13.16992,37.4793],[12.92412,37.57051],[12.64023,37.59434],[12.52676,37.66953],[12.43555,37.81978],[12.54766,38.05293],[12.66436,38.10791],[12.73438,38.18306],[12.90273,38.03486],[13.04902,38.08408],[13.05684,38.13091],[13.15996,38.19033],[13.29111,38.19146],[13.68154,38.00073],[13.78887,37.9812],[14.05,38.04053],[14.2877,38.01685],[14.50596,38.04551],[14.78965,38.16699],[15.11875,38.15273],[15.49873,38.29087],[15.63467,38.26758],[15.23447,37.78481]]],[[[9.80527,40.49956],[9.64297,40.26841],[9.70674,40.01704],[9.61699,39.35439],[9.5625,39.16602],[9.48633,39.13955],[9.26416,39.2168],[9.14932,39.19697],[9.05635,39.23916],[9.02266,39.04326],[8.9666,38.96372],[8.88135,38.91289],[8.64854,38.92656],[8.41816,39.20571],[8.39912,39.48159],[8.44707,39.56279],[8.45117,39.72168],[8.47109,39.7481],[8.54053,39.73159],[8.54775,39.83921],[8.4959,39.89746],[8.40781,39.91724],[8.40859,40.03765],[8.4708,40.13071],[8.47129,40.29268],[8.40918,40.35234],[8.35322,40.50054],[8.18994,40.65161],[8.18086,40.77104],[8.22422,40.91333],[8.36328,40.84634],[8.57188,40.8502],[8.82119,40.9499],[8.99814,41.11035],[9.10723,41.14292],[9.18213,41.24219],[9.22842,41.25708],[9.28301,41.20166],[9.45518,41.15015],[9.53877,41.05366],[9.61533,41.01729],[9.55371,40.93213],[9.68203,40.81812],[9.80527,40.49956]]],[[[8.36094,39.03867],[8.3668,39.11592],[8.47891,39.06753],[8.42148,38.96865],[8.36094,39.03867]]],[[[8.20566,40.99746],[8.26738,41.09912],[8.32021,41.12187],[8.34375,41.10161],[8.25273,40.99414],[8.20566,40.99746]]]]}},{"type":"Feature","properties":{"country_code":"XK","iso3":"XKX","name_en":"Kosovo"},"geometry":{"type":"Polygon","coordinates":[[[20.4751,42.95303],[20.64854,43.07095],[20.62314,43.19863],[20.80059,43.26108],[20.84443,43.17344],[21.05703,43.0917],[21.22266,42.9562],[21.23711,42.91323],[21.40303,42.83154],[21.39063,42.75142],[21.72383,42.68198],[21.75215,42.65151],[21.60986,42.38745],[21.51895,42.32842],[21.5625,42.24751],[21.38955,42.21982],[21.33174,42.18716],[21.28662,42.10039],[21.14248,42.175],[21.05977,42.17129],[20.77813,42.07104],[20.725,41.87354],[20.57852,41.86621],[20.57539,42.01309],[20.52285,42.17148],[20.4083,42.27495],[20.24053,42.33896],[20.06396,42.54727],[20.08926,42.63154],[20.02949,42.73203],[20.0543,42.76006],[20.19258,42.75464],[20.21514,42.79883],[20.46885,42.85791],[20.4751,42.95303]]]}},{"type":"Feature","properties":{"country_code":"LV","iso3":"LVA","name_en":"Latvia"},"geometry":{"type":"Polygon","coordinates":[[[26.28125,55.75044],[26.08555,55.89688],[25.66318,56.10483],[25.06992,56.20039],[24.90303,56.39819],[24.84102,56.41118],[24.47363,56.28408],[24.1207,56.26426],[23.8127,56.32925],[23.1959,56.36714],[23.04297,56.32407],[22.96826,56.38042],[22.87559,56.39644],[22.58691,56.3751],[22.08457,56.40674],[21.65352,56.31455],[21.04609,56.07007],[21.01494,56.25894],[21.03145,56.63657],[21.07129,56.82373],[21.35078,57.01768],[21.45918,57.32246],[21.72871,57.571],[22.55459,57.72427],[22.64863,57.59536],[23.13682,57.32383],[23.2873,57.08975],[23.64775,56.97104],[23.93115,57.0085],[24.28125,57.17231],[24.38262,57.25005],[24.40322,57.325],[24.36299,57.64531],[24.30156,57.78413],[24.32256,57.87061],[25.11104,58.06343],[25.22871,57.99658],[25.27266,58.00938],[25.28262,58.04849],[25.34004,58.03945],[25.79375,57.86855],[25.99111,57.83818],[26.29805,57.60107],[26.46211,57.54448],[26.53262,57.53101],[26.96602,57.60913],[27.18711,57.53833],[27.46973,57.52402],[27.51113,57.50815],[27.53867,57.42979],[27.82861,57.29331],[27.83027,57.19448],[27.71738,57.05464],[27.71113,56.97808],[27.63945,56.84565],[27.84863,56.85342],[27.88154,56.82417],[27.89209,56.74106],[28.00752,56.59985],[28.10313,56.5457],[28.20205,56.2604],[28.14795,56.14292],[28.03203,56.1333],[27.89629,56.07617],[27.64229,55.91172],[27.57676,55.79878],[27.05254,55.83057],[26.95303,55.81294],[26.82246,55.70923],[26.54287,55.67241],[26.28125,55.75044]]]}},{"type":"Feature","properties":{"country_code":"LI","iso3":"LIE","name_en":"Liechtenstein"},"geometry":{"type":"Polygon","coordinates":[[[9.48428,47.17266],[9.52754,47.27075],[9.61055,47.10713],[9.58027,47.05737],[9.50234,47.06274],[9.48428,47.17266]]]}},{"type":"Feature","properties":{"country_code":"LT","iso3":"LTU","name_en":"Lithuania"},"geometry":{"type":"MultiPolygon","coordinates":[[[[21.01406,55.40195],[21.11484,55.6165],[21.10391,55.48774],[21.03174,55.35049],[20.95781,55.27891],[20.8998,55.28667],[21.01406,55.40195]]],[[[22.67988,54.49302],[22.68447,54.56294],[22.82471,54.87129],[22.62744,54.9707],[22.56729,55.05913],[22.07236,55.06367],[21.55469,55.19531],[21.38926,55.27554],[21.23574,55.26411],[21.20107,55.3438],[21.23789,55.45503],[21.06191,55.81343],[21.04609,56.07007],[21.65352,56.31455],[22.08457,56.40674],[22.58691,56.3751],[22.87559,56.39644],[22.96826,56.38042],[23.04297,56.32407],[23.1959,56.36714],[23.8127,56.32925],[24.1207,56.26426],[24.47363,56.28408],[24.84102,56.41118],[24.90303,56.39819],[25.06992,56.20039],[25.66318,56.10483],[26.08555,55.89688],[26.28125,55.75044],[26.59355,55.66753],[26.5666,55.54648],[26.45762,55.34248],[26.77568,55.2731],[26.64844,55.2042],[26.60117,55.13018],[26.2918,55.1396],[26.25078,55.12451],[26.1752,55.00327],[25.85928,54.91929],[25.72246,54.71787],[25.7248,54.56426],[25.62031,54.4604],[25.54736,54.33184],[25.74814,54.25967],[25.76523,54.17979],[25.68057,54.14048],[25.51035,54.15962],[25.52734,54.21514],[25.46113,54.29277],[25.17949,54.21426],[25.04609,54.13306],[24.86953,54.14517],[24.82568,54.11899],[24.76816,53.97466],[24.6207,53.97983],[24.31797,53.89297],[24.19131,53.95044],[23.55908,53.91982],[23.48467,53.93979],[23.45361,54.14346],[23.37012,54.20049],[23.04219,54.3042],[22.97676,54.36636],[22.82373,54.3958],[22.76621,54.35679],[22.67988,54.49302]]]]}},{"type":"Feature","properties":{"country_code":"LU","iso3":"LUX","name_en":"Luxembourg"},"geometry":{"type":"Polygon","coordinates":[[[6.13818,49.97432],[6.25605,49.87217],[6.4873,49.79849],[6.48477,49.70781],[6.37832,49.59961],[6.34434,49.45273],[6.18105,49.49893],[6.01143,49.44546],[5.78975,49.53828],[5.88037,49.64478],[5.725,49.8083],[5.74404,49.91963],[5.86689,50.08281],[5.97627,50.16719],[6.08906,50.15459],[6.13818,49.97432]]]}},{"type":"Feature","properties":{"country_code":"MT","iso3":"MLT","name_en":"Malta"},"geometry":{"type":"MultiPolygon","coordinates":[[[[14.43643,35.82168],[14.35234,35.87227],[14.35127,35.97842],[14.44834,35.95742],[14.53701,35.88628],[14.56621,35.85273],[14.53271,35.82021],[14.43643,35.82168]]],[[[14.19424,36.04224],[14.18037,36.0604],[14.26328,36.07578],[14.3209,36.03623],[14.25361,36.01216],[14.19424,36.04224]]]]}},{"type":"Feature","properties":{"country_code":"MD","iso3":"MDA","name_en":"Moldova"},"geometry":{"type":"Polygon","coordinates":[[[26.84707,48.38716],[27.22852,48.37144],[27.33691,48.43271],[27.40381,48.41563],[27.54922,48.47773],[27.82002,48.41626],[28.03848,48.32129],[28.08848,48.25703],[28.29102,48.23857],[28.34717,48.21304],[28.34053,48.14443],[28.42305,48.14687],[28.46309,48.09053],[28.53047,48.15029],[28.77383,48.11958],[28.92314,47.95112],[28.97334,47.93301],[29.12539,47.96455],[29.19482,47.88242],[29.21113,47.775],[29.12295,47.53037],[29.13486,47.4897],[29.3834,47.32803],[29.53916,47.271],[29.51094,47.12803],[29.56348,47.04751],[29.57197,46.96401],[29.87783,46.82891],[29.94248,46.72378],[29.92432,46.53887],[30.13105,46.4231],[30.07568,46.37783],[29.83789,46.35054],[29.70684,46.44873],[29.61494,46.39883],[29.45879,46.45376],[29.39287,46.43691],[29.30488,46.4666],[29.25459,46.39263],[29.20459,46.37935],[29.18623,46.52397],[28.9584,46.4585],[28.92744,46.42412],[28.93057,46.36226],[29.00625,46.17646],[28.94775,46.04995],[28.73877,45.93716],[28.7293,45.852],[28.4916,45.66577],[28.49902,45.51772],[28.31035,45.49858],[28.2125,45.45044],[28.07471,45.59897],[28.15977,45.64712],[28.09971,45.97261],[28.11914,46.13867],[28.24434,46.45127],[28.22266,46.50806],[28.23945,46.64082],[28.07178,46.97842],[27.85381,47.1145],[27.76797,47.22759],[27.61406,47.34053],[27.46484,47.53667],[27.33691,47.63975],[27.15205,47.95928],[26.98076,48.15503],[26.7873,48.25581],[26.61895,48.25986],[26.84707,48.38716]]]}},{"type":"Feature","properties":{"country_code":"MC","iso3":"MCO","name_en":"Monaco"},"geometry":{"type":"Polygon","coordinates":[[[7.39502,43.76533],[7.43691,43.76147],[7.43867,43.75044],[7.37773,43.73174],[7.39502,43.76533]]]}},{"type":"Feature","properties":{"country_code":"ME","iso3":"MNE","name_en":"Montenegro"},"geometry":{"type":"Polygon","coordinates":[[[19.21875,43.44995],[19.41465,43.34282],[19.61445,43.17344],[19.94404,43.08164],[20.26846,42.93545],[20.33994,42.89287],[20.34766,42.85278],[20.34434,42.82793],[20.21514,42.79883],[20.19258,42.75464],[20.0543,42.76006],[20.02949,42.73203],[20.08926,42.63154],[20.07031,42.55708],[19.93906,42.50669],[19.78828,42.47617],[19.73779,42.52515],[19.72783,42.63452],[19.65449,42.62856],[19.28066,42.17256],[19.36143,42.06909],[19.34238,41.86909],[19.18643,41.94863],[19.12227,42.0605],[18.89424,42.24946],[18.63291,42.37808],[18.6459,42.44272],[18.51748,42.43291],[18.43809,42.52295],[18.43633,42.55972],[18.5459,42.6416],[18.46602,42.77725],[18.46016,42.9979],[18.62363,43.02769],[18.62188,43.12461],[18.67422,43.23081],[18.85107,43.34634],[18.93467,43.33945],[18.97871,43.2854],[19.02666,43.29243],[19.03672,43.35732],[18.94023,43.49673],[18.95068,43.52666],[19.1916,43.52104],[19.21875,43.44995]]]}},{"type":"Feature","properties":{"country_code":"NL","iso3":"NLD","name_en":"Netherlands"},"geometry":{"type":"MultiPolygon","coordinates":[[[[5.69365,50.77466],[5.63945,50.8436],[5.75,50.95024],[5.81826,51.08643],[5.82715,51.12563],[5.79648,51.15308],[5.60879,51.19844],[5.47686,51.28506],[5.31084,51.25972],[5.21416,51.27896],[5.0999,51.34648],[5.03096,51.46909],[4.94395,51.40776],[4.84805,51.40327],[4.75566,51.49111],[4.63398,51.42173],[4.50342,51.47471],[4.38477,51.42759],[4.404,51.36709],[4.37373,51.35601],[4.00654,51.44321],[3.82188,51.40938],[3.58691,51.45391],[3.44893,51.54077],[3.54863,51.58911],[3.74395,51.59604],[3.88604,51.57422],[4.14131,51.45576],[4.27412,51.47163],[4.00479,51.59585],[4.18262,51.6103],[3.94688,51.81055],[4.08486,51.99409],[4.20879,52.05898],[4.48281,52.30918],[4.56211,52.44258],[4.67832,52.80977],[4.76875,52.94131],[4.88799,52.90835],[5.06123,52.96064],[5.3584,53.09648],[5.446,53.21406],[5.53203,53.2687],[6.06221,53.40708],[6.81621,53.44116],[6.96816,53.32729],[7.19727,53.28228],[7.18994,52.99951],[7.05088,52.74478],[7.03301,52.65137],[6.71074,52.61787],[6.6916,52.53018],[6.74883,52.46401],[6.96816,52.44409],[7.03516,52.38022],[7.01963,52.26602],[6.97725,52.20552],[6.72451,52.08022],[6.71563,52.03618],[6.80039,51.96738],[6.7418,51.91089],[6.51758,51.85396],[6.425,51.8584],[6.35566,51.82466],[6.1665,51.88076],[5.94873,51.80269],[5.94854,51.7624],[6.08936,51.63779],[6.19883,51.45],[6.07588,51.22412],[6.08242,51.17998],[6.12998,51.14741],[5.93926,51.04082],[5.85752,51.03013],[6.04844,50.90488],[5.99395,50.75044],[5.69365,50.77466]]],[[[4.17256,51.30708],[3.90205,51.20767],[3.58027,51.28618],[3.43252,51.24575],[3.38008,51.29111],[3.3501,51.37769],[3.58945,51.39941],[3.8834,51.35449],[4.01104,51.39595],[4.11152,51.36064],[4.22617,51.38647],[4.17256,51.30708]]],[[[6.15928,53.48394],[6.3334,53.51074],[6.19326,53.47681],[6.15928,53.48394]]],[[[5.6543,53.4665],[5.9293,53.45884],[5.73203,53.44263],[5.6543,53.4665]]],[[[5.02705,53.31021],[5.10859,53.30801],[4.92373,53.23457],[5.02705,53.31021]]],[[[5.19023,53.3918],[5.58262,53.43809],[5.32578,53.38574],[5.19023,53.3918]]],[[[4.70918,53.03604],[4.73984,53.09131],[4.88643,53.1833],[4.88613,53.0707],[4.78711,52.9998],[4.70918,53.03604]]],[[[4.0751,51.64878],[3.95098,51.62705],[3.81904,51.69399],[3.73184,51.67822],[3.69854,51.72969],[3.94912,51.73945],[4.0751,51.64878]]],[[[6.66855,53.60566],[6.80088,53.62549],[6.73477,53.58252],[6.64209,53.5792],[6.66855,53.60566]]]]}},{"type":"Feature","properties":{"country_code":"MK","iso3":"MKD","name_en":"North Macedonia"},"geometry":{"type":"Polygon","coordinates":[[[21.9041,42.32207],[22.05205,42.30464],[22.23975,42.35815],[22.34404,42.31396],[22.58271,42.10483],[22.79609,42.02568],[22.94395,41.7751],[23.00361,41.73984],[22.95146,41.60562],[22.92969,41.3561],[22.78389,41.33198],[22.7248,41.17852],[22.60361,41.14019],[22.49355,41.11851],[22.18447,41.15864],[21.99336,41.13096],[21.92949,41.10742],[21.77949,40.95044],[21.57578,40.86895],[21.4041,40.90718],[21.32373,40.86714],[20.96426,40.8499],[20.9335,40.90312],[20.74082,40.90527],[20.48896,41.27261],[20.49238,41.39141],[20.44863,41.52129],[20.51621,41.57476],[20.50518,41.70649],[20.55313,41.86235],[20.725,41.87354],[20.77813,42.07104],[21.05977,42.17129],[21.14248,42.175],[21.28662,42.10039],[21.33174,42.18716],[21.38955,42.21982],[21.61826,42.24214],[21.9041,42.32207]]]}},{"type":"Feature","properties":{"country_code":"NO","iso3":"NOR","name_en":"Norway"},"geometry":{"type":"MultiPolygon","coordinates":[[[[20.1167,69.0209],[20.33711,68.89966],[20.34805,68.84873],[20.31943,68.75405],[20.24004,68.67314],[19.96885,68.54204],[20.24004,68.47754],[19.96982,68.3564],[19.05264,68.49272],[18.30303,68.55542],[18.1626,68.52842],[18.17666,68.20063],[17.9167,67.96489],[17.32461,68.10381],[16.78359,67.89502],[16.57412,67.61958],[16.45713,67.55176],[16.19355,67.50518],[16.12744,67.42583],[16.36064,67.252],[16.43428,67.15508],[16.40352,67.05498],[15.42295,66.48984],[15.48379,66.30596],[15.04004,66.16753],[14.54326,66.12935],[14.63457,65.79326],[14.54951,65.64639],[14.47969,65.30146],[14.11514,64.94614],[13.65029,64.58154],[14.07764,64.46401],[14.14805,64.2603],[14.14121,64.17354],[14.06328,64.09551],[13.96055,64.01401],[13.20352,64.0751],[12.79277,64.0],[12.6625,63.94048],[12.1752,63.59595],[12.21211,63.49224],[11.9999,63.2917],[12.21816,63.00063],[12.10859,62.91948],[12.13984,62.72134],[12.11455,62.59189],[12.30352,62.2856],[12.15537,61.72075],[12.59609,61.54131],[12.88076,61.35229],[12.82822,61.22183],[12.70605,61.05986],[12.29414,61.00269],[12.31465,60.89214],[12.55381,60.54565],[12.58867,60.45073],[12.51582,60.30522],[12.48613,60.10679],[12.16924,59.91289],[11.93213,59.86367],[11.83428,59.69717],[11.68076,59.59229],[11.79814,59.28989],[11.71221,59.01865],[11.64277,58.92607],[11.54355,58.89302],[11.4707,58.90952],[11.36592,59.10454],[10.83447,59.18394],[10.64492,59.38921],[10.59531,59.76455],[10.53389,59.6958],[10.56953,59.58711],[10.39814,59.51934],[10.40713,59.45566],[10.44639,59.4436],[10.43135,59.27964],[10.17939,59.00928],[10.08311,59.02881],[9.95957,58.96821],[9.84258,58.9585],[9.8002,59.02705],[9.63516,59.11777],[9.55723,59.1127],[9.69609,59.00972],[9.65693,58.97119],[9.30996,58.85684],[9.3958,58.80566],[8.92842,58.56997],[8.52139,58.30059],[8.16611,58.14531],[8.0374,58.14727],[7.87559,58.07998],[7.46592,58.02095],[7.19414,58.04766],[7.00488,58.02422],[6.90342,58.07051],[6.9123,58.14287],[6.87705,58.15073],[6.80283,58.15454],[6.73145,58.06831],[6.59053,58.09731],[6.55508,58.12344],[6.69248,58.22402],[6.65986,58.26274],[6.38906,58.26797],[6.05469,58.37515],[5.97656,58.43232],[5.70684,58.52363],[5.58594,58.62041],[5.51729,58.72651],[5.55557,58.9752],[5.61221,59.01289],[6.09902,58.87026],[6.36328,59.00093],[6.32109,59.01646],[6.09941,58.95195],[5.88916,59.0605],[5.88916,59.09795],[5.96855,59.18613],[5.9373,59.23398],[5.95186,59.29907],[6.40391,59.56099],[5.84521,59.35347],[5.56406,59.29121],[5.46758,59.20381],[5.3623,59.16636],[5.17324,59.16255],[5.13164,59.22646],[5.18506,59.45366],[5.30488,59.64258],[5.40352,59.65576],[5.47246,59.71309],[5.77217,59.66094],[5.86729,59.73398],[6.2166,59.81836],[5.83398,59.79468],[5.76348,59.80791],[5.73047,59.86309],[6.06992,60.0835],[6.14053,60.2335],[6.34873,60.35298],[6.51807,60.40757],[6.57363,60.3606],[6.52686,60.15293],[6.71992,60.41816],[6.9957,60.51196],[6.34697,60.41909],[6.15332,60.34624],[5.90439,60.15063],[5.87656,60.07002],[5.69883,60.01001],[5.49453,59.82559],[5.1458,59.63882],[5.11074,59.66782],[5.10488,59.73169],[5.11924,59.83369],[5.21953,59.97876],[5.17441,60.0457],[5.20566,60.08794],[5.49453,60.07031],[5.68857,60.12319],[5.65762,60.1541],[5.41738,60.1541],[5.28584,60.20571],[5.18359,60.3084],[5.13711,60.44561],[5.16816,60.48481],[5.64834,60.68799],[5.58936,60.69429],[5.44736,60.61733],[5.24404,60.56958],[5.11582,60.63599],[5.04912,60.70752],[5.00859,61.03818],[5.09541,61.07134],[5.50527,61.0561],[5.98398,61.11733],[6.41797,61.08428],[6.60986,61.13701],[6.77783,61.14243],[6.97207,61.05596],[6.98057,60.99414],[7.03867,60.95293],[7.07793,60.96631],[7.04014,61.09116],[7.54502,61.17715],[7.60449,61.21055],[7.40391,61.22217],[7.34658,61.30059],[7.44258,61.43462],[7.33115,61.37202],[7.27627,61.28394],[7.29805,61.21362],[7.27598,61.18096],[7.17354,61.16597],[6.94258,61.16055],[6.65703,61.20659],[6.61025,61.2291],[6.62588,61.2793],[6.5999,61.28965],[6.49258,61.15459],[6.3835,61.13389],[6.08252,61.16729],[5.64678,61.14761],[5.45127,61.10234],[5.32461,61.10825],[5.10674,61.18755],[5.02168,61.25059],[5.00273,61.43359],[5.33867,61.4855],[5.16758,61.54336],[5.09941,61.62017],[4.99668,61.64521],[4.92783,61.71069],[4.93008,61.87832],[4.98506,61.90044],[5.46533,61.89692],[6.01582,61.7875],[6.4667,61.80742],[6.73076,61.86978],[6.13115,61.85244],[5.47305,61.94561],[5.26689,61.9356],[5.15957,61.95698],[5.09648,62.02666],[5.14316,62.15991],[5.24092,62.18867],[5.35771,62.15171],[5.48428,62.23911],[5.5333,62.31089],[5.71816,62.37891],[5.9083,62.41602],[6.0835,62.34961],[6.20898,62.35278],[6.58008,62.40728],[6.69238,62.46807],[6.13613,62.40747],[6.11846,62.44717],[6.2375,62.51992],[6.27285,62.58384],[6.35293,62.61113],[6.96113,62.62676],[7.57012,62.54819],[7.69072,62.5856],[7.52744,62.6103],[7.53838,62.67207],[7.80469,62.721],[8.09551,62.73184],[8.04551,62.77124],[7.4084,62.71177],[7.24209,62.75234],[6.77998,62.70073],[6.73496,62.7207],[6.94043,62.93047],[7.38906,63.02329],[7.57188,63.09951],[8.10059,63.09097],[8.21113,62.99551],[8.62314,62.84624],[8.60918,62.88057],[8.23516,63.08218],[8.15801,63.16152],[8.18447,63.23652],[8.27148,63.28657],[8.58018,63.31338],[8.63555,63.34233],[8.64102,63.39209],[8.59375,63.42612],[8.38652,63.44526],[8.36074,63.49888],[8.57617,63.60117],[8.84238,63.6459],[9.13584,63.59365],[9.15811,63.56626],[9.07588,63.50039],[9.08418,63.46343],[9.15605,63.45933],[9.32363,63.57036],[9.69688,63.62456],[9.93604,63.47886],[9.9792,63.39526],[10.021,63.39082],[10.08057,63.43271],[10.34004,63.46934],[10.76016,63.46128],[10.67363,63.55801],[10.72529,63.625],[11.3707,63.80483],[11.30762,63.87573],[11.17559,63.89888],[11.45762,64.00298],[11.30664,64.04888],[11.0752,63.98813],[10.91426,63.92109],[11.04727,63.84521],[10.93486,63.77021],[10.33916,63.57104],[10.05508,63.5127],[9.92402,63.52178],[9.76748,63.69951],[9.59463,63.67896],[9.56729,63.70615],[9.61475,63.79482],[9.70801,63.86489],[9.86445,63.91782],[10.00996,64.08315],[10.23623,64.17964],[10.56563,64.41831],[10.83398,64.49448],[10.93232,64.57773],[11.22539,64.67949],[11.52383,64.74438],[11.63291,64.81392],[11.29678,64.75479],[11.3499,64.90591],[11.48936,64.97583],[12.15967,65.17896],[12.30654,65.08599],[12.5084,65.09941],[12.91553,65.33926],[12.41758,65.18408],[12.36387,65.19331],[12.33398,65.24072],[12.19961,65.24546],[12.13389,65.27915],[12.12217,65.36235],[12.27285,65.56816],[12.62773,65.80615],[12.68887,65.9022],[12.8168,65.95288],[13.03311,65.95625],[12.97607,66.01919],[12.79492,66.06909],[12.78379,66.10044],[13.38711,66.18276],[13.67441,66.17998],[14.03418,66.29756],[13.97314,66.31973],[13.11885,66.23066],[13.06816,66.43081],[13.10469,66.5394],[13.1916,66.53716],[13.21143,66.64082],[13.31182,66.70186],[13.45039,66.71553],[13.62109,66.79482],[13.95947,66.79434],[13.7041,66.85166],[13.65156,66.90708],[13.88018,66.96489],[14.10879,67.11924],[14.77559,67.19448],[15.41572,67.20244],[15.43477,67.24668],[14.4417,67.27139],[14.75498,67.49902],[14.96191,67.57427],[15.40938,67.47417],[15.55293,67.35176],[15.59443,67.34854],[15.57568,67.44385],[15.6915,67.52139],[15.66133,67.54282],[15.4873,67.51479],[15.24873,67.60215],[15.21865,67.65537],[15.3458,67.73442],[15.30391,67.76528],[15.04082,67.68257],[14.78135,67.6749],[14.82109,67.74985],[14.79893,67.80933],[15.04844,67.95576],[15.13428,67.97271],[15.40088,67.91963],[15.62139,67.94829],[15.60576,67.98789],[15.35693,68.00361],[15.29287,68.03647],[15.31602,68.06875],[15.65664,68.16436],[16.00791,68.22871],[16.06455,68.1999],[16.1208,68.02734],[16.26074,67.88657],[16.3123,67.88145],[16.25859,68.00122],[16.39199,68.0916],[16.25977,68.14453],[16.1748,68.28125],[16.20381,68.31675],[16.38789,68.38955],[16.61885,68.4063],[16.95137,68.35469],[17.55283,68.42627],[17.57119,68.44746],[17.42617,68.48193],[16.58486,68.46646],[16.52529,68.49067],[16.51436,68.53257],[16.65186,68.62578],[16.88467,68.6854],[17.13115,68.69346],[17.39082,68.79937],[17.49004,68.87876],[17.54629,69.00112],[17.70459,69.10005],[18.10146,69.1563],[18.07871,69.32524],[18.25977,69.47061],[18.64551,69.32188],[18.85898,69.31445],[18.91592,69.3356],[18.62441,69.43438],[18.61445,69.49058],[18.99111,69.56113],[19.03838,69.6604],[19.19727,69.74785],[19.68701,69.80474],[19.72246,69.78164],[19.6415,69.42402],[19.73682,69.50381],[19.86465,69.72212],[19.96055,69.82461],[20.06895,69.88345],[20.32422,69.94531],[20.38721,69.86763],[20.33818,69.61665],[20.04375,69.35566],[20.05449,69.33267],[20.10723,69.34121],[20.48672,69.54209],[20.73945,69.52051],[20.5625,69.63281],[20.53271,69.69233],[20.546,69.85107],[20.62207,69.91392],[21.16309,69.8895],[21.25371,70.00322],[21.43291,70.01318],[21.93174,69.8147],[21.97471,69.83457],[21.89258,70.00425],[21.80273,70.06606],[21.40039,70.17446],[21.34629,70.20825],[21.35576,70.2334],[21.53877,70.25767],[21.78027,70.22988],[21.99551,70.29336],[22.05439,70.27598],[22.21943,70.30918],[22.32197,70.2645],[22.38477,70.27773],[22.42119,70.3376],[22.68457,70.37476],[22.94121,70.30498],[23.04648,70.10186],[23.25791,69.99331],[23.35391,69.9834],[23.4002,70.01978],[23.28604,70.10483],[23.3291,70.20723],[23.37939,70.24746],[23.66123,70.39976],[23.89717,70.47876],[24.03848,70.48535],[24.28555,70.6624],[24.42002,70.702],[24.40352,70.74531],[24.26816,70.77271],[24.26348,70.82632],[24.65801,71.00103],[24.76475,71.00845],[25.26465,70.84351],[25.43594,70.91187],[25.71191,70.86973],[25.76816,70.85317],[25.78145,70.8168],[25.27354,70.55239],[25.20928,70.4894],[25.14639,70.32402],[24.99424,70.21821],[24.98271,70.14399],[25.04385,70.10903],[25.21182,70.13647],[25.41885,70.2355],[25.47051,70.34058],[26.50693,70.91279],[26.66133,70.93975],[26.73398,70.85356],[26.67549,70.74097],[26.5582,70.66914],[26.64463,70.63623],[26.58506,70.41001],[26.98936,70.51138],[27.18369,70.74404],[27.30938,70.80356],[27.54648,70.804],[27.55566,70.82739],[27.26904,70.91001],[27.23525,70.94722],[27.59707,71.09131],[28.1417,71.04302],[28.39229,70.97529],[28.38271,70.86943],[28.32686,70.8252],[27.95098,70.71758],[27.89805,70.67793],[27.99883,70.66426],[28.21563,70.70435],[28.27178,70.66797],[28.20273,70.5769],[28.16602,70.3604],[28.19297,70.24858],[28.30986,70.44307],[28.4373,70.50137],[28.48477,70.6188],[28.60938,70.75967],[28.83154,70.86396],[29.10234,70.86074],[29.39766,70.73413],[29.63906,70.70503],[29.7375,70.64683],[30.06514,70.70298],[30.2377,70.62217],[30.21318,70.54331],[30.5959,70.52368],[30.92637,70.40112],[30.96064,70.34385],[30.94414,70.27441],[30.46895,70.19785],[30.26299,70.12471],[29.92588,70.09648],[28.78115,70.14541],[28.8043,70.09253],[29.60137,69.97676],[29.64688,69.9437],[29.62139,69.87407],[29.63594,69.78013],[29.69463,69.74458],[30.08828,69.71758],[30.15518,69.74595],[30.18008,69.84116],[30.2376,69.86221],[30.34883,69.83457],[30.42832,69.72227],[30.48438,69.79487],[30.86973,69.78345],[30.92412,69.65176],[30.89668,69.56123],[30.78887,69.52852],[30.61543,69.53257],[30.15977,69.62988],[30.19648,69.58057],[30.18672,69.54277],[30.0873,69.43286],[29.83271,69.36045],[29.38828,69.29814],[29.20996,69.09702],[28.96582,69.02197],[28.83262,69.11899],[28.84629,69.1769],[29.3334,69.473],[29.1416,69.67144],[28.41172,69.82275],[27.88994,70.06167],[27.74785,70.06484],[27.12754,69.90649],[26.74023,69.93306],[26.52539,69.91504],[26.3082,69.78193],[26.07246,69.69155],[25.96152,69.58862],[25.8502,69.3665],[25.76719,69.28267],[25.74834,68.99014],[25.57529,68.88716],[25.24912,68.82134],[25.08691,68.6396],[24.94141,68.59326],[23.99736,68.79844],[23.854,68.80591],[23.70703,68.71387],[23.32402,68.64897],[23.14434,68.64258],[23.07168,68.67437],[22.41094,68.71987],[22.30039,68.85586],[21.59375,69.27358],[21.2668,69.27368],[21.06611,69.21411],[21.05264,69.18657],[21.12783,69.08081],[21.06572,69.04175],[20.67588,69.06948],[20.62217,69.03687],[20.1167,69.0209]]],[[[4.79902,61.08271],[4.82441,61.17822],[4.91543,61.19937],[4.97324,61.14824],[4.95869,61.08457],[4.79902,61.08271]]],[[[4.99697,60.19775],[4.95557,60.24331],[4.93008,60.41206],[4.95723,60.44727],[4.99063,60.45205],[5.0502,60.38896],[5.08906,60.18877],[4.99697,60.19775]]],[[[29.74424,69.7916],[29.83584,69.90557],[30.05518,69.83838],[29.76621,69.76753],[29.74424,69.7916]]],[[[11.77832,65.60454],[11.76514,65.63096],[11.80039,65.68389],[11.87539,65.70591],[12.00322,65.67944],[11.90186,65.5957],[11.77832,65.60454]]],[[[8.28711,63.68716],[8.70889,63.77432],[8.7334,63.80132],[8.80918,63.77144],[8.78652,63.70347],[8.35615,63.66479],[8.28711,63.68716]]],[[[7.88828,63.35234],[7.804,63.41392],[8.07354,63.4708],[8.13613,63.43135],[8.14092,63.36641],[8.10273,63.3376],[7.88828,63.35234]]],[[[23.06816,70.59409],[22.8291,70.54155],[22.65605,70.55903],[22.55752,70.51587],[22.35869,70.51479],[22.16875,70.56211],[21.99453,70.65713],[22.35029,70.65767],[22.421,70.70259],[22.85811,70.72842],[22.96357,70.71099],[23.20469,70.81548],[23.39561,70.84258],[23.44053,70.81577],[23.06816,70.59409]]],[[[25.94502,71.10464],[26.07764,71.03315],[26.14688,71.0395],[26.13379,70.9958],[25.58203,70.96079],[25.48203,71.01958],[25.31494,71.03413],[25.58633,71.14209],[25.94502,71.10464]]],[[[23.64102,70.46396],[23.54775,70.40815],[23.2707,70.29648],[23.10029,70.29609],[23.09063,70.37764],[23.00596,70.35278],[22.91787,70.38467],[22.94102,70.44458],[23.02246,70.48691],[23.24805,70.50513],[23.54668,70.61709],[23.64102,70.46396]]],[[[23.67012,70.59707],[23.68916,70.7228],[23.77842,70.74736],[24.07832,70.65059],[24.01758,70.56738],[23.82715,70.52749],[23.67012,70.59707]]],[[[14.11885,68.24683],[14.0293,68.18755],[13.8877,68.16851],[13.77842,68.10498],[13.58398,68.09385],[13.49521,68.05166],[13.42422,68.08276],[13.35205,68.00967],[13.22939,67.99536],[13.19951,68.08726],[13.3002,68.16045],[13.42871,68.16323],[13.53799,68.24902],[13.78408,68.27612],[14.11885,68.24683]]],[[[12.95771,68.01548],[13.06807,68.07134],[13.12285,68.04941],[13.07461,67.93457],[12.82402,67.82124],[12.95771,68.01548]]],[[[15.39658,68.78359],[15.34844,68.67241],[15.22207,68.61631],[14.89023,68.61099],[14.74346,68.6772],[14.5208,68.63306],[14.40469,68.66323],[14.37344,68.71143],[14.55371,68.81885],[14.80186,68.79097],[14.87236,68.91387],[15.0375,68.89429],[15.03779,69.00054],[15.17559,68.98154],[15.39658,68.78359]]],[[[19.91045,70.2019],[20.08428,70.12856],[20.08848,70.10205],[19.78086,70.07744],[19.71084,70.16533],[19.61348,70.21909],[19.59902,70.26616],[19.68379,70.27358],[19.81836,70.20498],[19.91045,70.2019]]],[[[20.46426,70.07656],[20.40508,70.11914],[20.41172,70.15488],[20.49277,70.20332],[20.65488,70.23086],[20.81943,70.20547],[20.7792,70.08975],[20.72529,70.0665],[20.46426,70.07656]]],[[[19.49951,70.0479],[19.60781,70.01914],[19.59229,69.97017],[19.44238,69.9084],[19.33477,69.82026],[19.13086,69.81045],[19.00781,69.75957],[18.80693,69.63984],[18.78477,69.579],[18.27412,69.5355],[18.12988,69.55786],[18.06152,69.6021],[18.22744,69.63574],[18.23203,69.67676],[18.31504,69.71548],[18.34932,69.76787],[18.5124,69.76865],[18.62432,69.81304],[18.67402,69.78164],[18.68652,69.89092],[18.8832,70.01055],[19.05098,70.03784],[19.0749,70.08569],[19.06006,70.1666],[19.13271,70.24414],[19.2127,70.24746],[19.24941,70.17856],[19.25508,70.06641],[19.34375,70.01196],[19.49951,70.0479]]],[[[12.43018,65.93994],[12.54883,66.0019],[12.77881,65.9917],[12.42949,65.89907],[12.43018,65.93994]]],[[[12.46133,66.18501],[12.52744,66.21055],[12.6208,66.17793],[12.62266,66.12246],[12.57637,66.07192],[12.32734,66.03662],[12.46133,66.18501]]],[[[11.0625,64.8604],[10.83252,64.84312],[10.73984,64.87031],[10.81348,64.92324],[11.021,64.97871],[11.13262,64.97617],[11.24619,64.90791],[11.179,64.83804],[11.0625,64.8604]]],[[[17.78369,69.56304],[18.0041,69.50498],[18.07676,69.39575],[17.94209,69.32871],[17.9207,69.27432],[17.95068,69.19814],[17.56816,69.1604],[17.48789,69.19683],[17.16094,69.02593],[17.08252,69.01367],[17.07705,69.04663],[16.81045,69.0707],[16.84258,69.11235],[16.97178,69.13789],[17.00176,69.36191],[17.08301,69.39883],[17.36084,69.38149],[17.39453,69.4167],[17.37344,69.43887],[17.22988,69.47769],[17.25195,69.50381],[17.45361,69.53018],[17.50303,69.59624],[17.62324,69.53906],[17.78369,69.56304]]],[[[15.90859,68.65049],[16.05957,68.68052],[16.12744,68.74644],[16.15059,68.84238],[16.32891,68.87632],[16.47969,68.80293],[16.54736,68.71655],[16.51924,68.63301],[16.19395,68.53848],[15.97529,68.40249],[15.76367,68.40908],[15.68252,68.35601],[15.4375,68.31284],[15.34141,68.32529],[15.33701,68.37822],[15.27969,68.37383],[15.18789,68.3104],[15.0377,68.28271],[14.92686,68.30659],[14.62891,68.19849],[14.25752,68.19077],[14.25723,68.25693],[14.58584,68.40034],[15.09531,68.44141],[15.4126,68.61582],[15.48926,68.80532],[15.56426,68.87373],[15.529,68.9124],[15.44365,68.91919],[15.43848,68.97856],[15.48301,69.04346],[15.89268,69.27788],[16.04805,69.30205],[16.12949,69.27393],[16.11484,69.21641],[15.99268,69.11265],[15.81172,69.02422],[15.83379,68.96074],[15.90586,68.9085],[15.92793,68.7332],[15.79072,68.61704],[15.77236,68.5542],[15.90859,68.65049]]],[[[-9.09888,70.85488],[-8.5208,71.03066],[-8.3437,71.14014],[-8.00137,71.17769],[-7.97881,71.11689],[-8.0021,71.04126],[-8.63535,70.94043],[-9.0458,70.83267],[-9.09888,70.85488]]],[[[18.91758,74.41064],[18.79746,74.48569],[18.86123,74.51416],[19.18291,74.51792],[19.26152,74.47896],[19.27471,74.45674],[19.21934,74.39102],[19.09854,74.35215],[18.91758,74.41064]]],[[[26.45957,78.72026],[26.40771,78.78433],[26.58594,78.81147],[26.78877,78.72397],[27.00762,78.69751],[26.87598,78.64893],[26.72949,78.64648],[26.45957,78.72026]]],[[[31.48193,80.10791],[33.09863,80.22871],[33.6293,80.21743],[32.52598,80.11914],[31.57764,80.08145],[31.48193,80.10791]]],[[[22.04316,78.57695],[22.20732,78.40767],[22.29951,78.22817],[22.98887,78.25195],[23.45195,78.14946],[23.15195,78.08809],[23.1167,77.9915],[23.68398,77.87544],[24.23828,77.89854],[24.90186,77.75659],[24.12979,77.65825],[23.73613,77.46235],[23.38086,77.38032],[23.10137,77.38506],[22.80176,77.27578],[22.55371,77.26665],[22.42695,77.31592],[22.48662,77.36011],[22.44248,77.42935],[22.73262,77.53936],[22.68535,77.55352],[22.39727,77.57012],[22.05684,77.50117],[21.0499,77.44097],[20.92813,77.45967],[20.87314,77.56533],[21.20107,77.61948],[21.25146,77.71094],[21.33418,77.77178],[21.65313,77.92354],[21.03545,78.05918],[20.84492,78.16587],[20.78643,78.25215],[20.52832,78.32559],[20.56025,78.41938],[20.37275,78.41201],[20.22793,78.47783],[20.3627,78.51479],[21.45479,78.59756],[22.04316,78.57695]]],[[[21.54922,80.24292],[21.65488,80.21846],[21.69668,80.15918],[22.28975,80.04922],[22.37637,80.08965],[22.44268,80.19028],[22.44619,80.30835],[22.41787,80.36553],[22.45078,80.40225],[23.00801,80.47397],[23.31543,80.42524],[23.2501,80.38086],[23.11455,80.18696],[23.68799,80.20654],[23.95293,80.30459],[24.23408,80.30312],[24.29756,80.3604],[24.40264,80.35518],[24.61367,80.28584],[24.78594,80.30068],[25.83633,80.17515],[26.86084,80.16001],[27.14834,80.05923],[27.19863,79.90659],[26.00586,79.61704],[25.64121,79.40303],[25.14512,79.33887],[24.75059,79.3646],[23.94775,79.19429],[22.90371,79.23066],[22.6957,79.32905],[22.86553,79.41187],[21.91143,79.38105],[20.86113,79.39785],[20.76084,79.4415],[20.12822,79.4896],[19.67461,79.59116],[19.82109,79.63364],[20.49346,79.63276],[20.56484,79.69053],[20.78408,79.74858],[20.12344,79.77856],[19.4,79.72656],[18.725,79.76074],[18.32471,79.85972],[18.25537,79.9292],[18.59463,79.9667],[18.85596,80.03662],[18.34385,80.05957],[17.91689,80.14312],[18.7793,80.19351],[19.34336,80.11641],[19.53711,80.16323],[19.35469,80.1854],[19.19141,80.26323],[19.15693,80.30186],[19.17832,80.33154],[19.75107,80.2272],[19.81035,80.32681],[19.61436,80.46255],[19.7333,80.47783],[20.35938,80.40093],[20.99844,80.23882],[21.54922,80.24292]]],[[[16.96641,79.95894],[17.21943,79.94077],[17.57822,79.88467],[17.83457,79.80005],[17.95615,79.70425],[17.6875,79.53335],[17.73398,79.48135],[17.66875,79.38594],[18.27207,79.60059],[18.39736,79.60518],[18.58145,79.57158],[18.81523,79.42666],[18.80742,79.30317],[18.67783,79.26172],[18.88008,79.23428],[19.08945,79.15703],[19.49023,79.17568],[19.75088,79.14683],[19.89355,79.0562],[20.11377,79.07671],[20.11445,79.125],[20.1627,79.14565],[20.61104,79.10664],[20.76719,79.05913],[20.50068,78.9814],[20.72031,78.90669],[21.31221,78.79585],[21.38877,78.74043],[21.09629,78.67627],[19.67676,78.60957],[19.61855,78.56216],[19.15049,78.37939],[18.98379,78.23423],[18.95762,78.18247],[19.00869,78.13228],[18.99512,78.08149],[18.82207,78.0417],[18.43926,78.02505],[18.36191,77.68228],[18.22793,77.52261],[17.84707,77.49678],[17.62334,77.39937],[17.44248,77.22524],[17.15254,77.04893],[17.24902,76.96919],[16.97666,76.81162],[17.0627,76.65898],[16.93516,76.60615],[16.70049,76.5793],[16.46191,76.60933],[16.12383,76.73853],[15.54678,76.88643],[15.12422,77.08511],[14.36582,77.23447],[14.05039,77.40322],[14.0042,77.44521],[13.9957,77.5082],[14.07129,77.56411],[14.37764,77.57964],[14.69502,77.52505],[14.9208,77.68882],[16.20596,77.78247],[17.0333,77.79771],[16.91406,77.898],[16.06006,77.84712],[15.58535,77.86914],[14.84688,77.77866],[14.08994,77.77139],[13.79111,77.85381],[13.71416,77.91943],[13.68057,78.02813],[13.77012,78.07461],[13.93691,78.08555],[14.30723,78.00508],[14.24814,78.07139],[14.99473,78.15122],[15.34141,78.22095],[15.69805,78.22759],[15.65713,78.29902],[15.78389,78.32705],[16.77695,78.35044],[17.17197,78.41714],[16.72656,78.40718],[16.53535,78.44888],[16.44863,78.50356],[16.78262,78.66362],[16.53047,78.6563],[15.94404,78.49302],[15.41738,78.47324],[15.35996,78.48755],[15.2542,78.58906],[15.3916,78.72119],[15.38418,78.77119],[15.32275,78.7812],[15.1373,78.66426],[15.01631,78.63013],[14.8918,78.63945],[14.79238,78.70557],[14.68926,78.72095],[14.46719,78.67539],[14.51543,78.58057],[14.43184,78.49248],[14.63828,78.4146],[14.11045,78.2709],[13.1502,78.2375],[12.66465,78.38477],[12.25791,78.59468],[11.96172,78.64238],[11.77383,78.71641],[11.75518,78.81167],[11.86104,78.83188],[11.36543,78.95039],[11.54756,78.98296],[12.2749,78.90449],[12.40332,78.95322],[12.0873,78.9751],[11.98184,79.02529],[11.89277,79.15234],[12.08398,79.26753],[11.97832,79.29268],[11.57979,79.2835],[11.61641,79.20527],[11.52119,79.15127],[11.33887,79.10913],[11.20811,79.12964],[10.7376,79.52017],[10.73701,79.58164],[10.81074,79.64092],[10.68213,79.75825],[10.86592,79.79658],[11.15039,79.71699],[11.25059,79.78486],[11.70234,79.82061],[12.28779,79.71313],[12.21914,79.7979],[12.27998,79.81597],[12.75352,79.77578],[13.10752,79.83174],[13.69287,79.86099],[13.91416,79.81694],[13.92109,79.76172],[13.77754,79.71528],[13.03926,79.68516],[12.55537,79.56948],[13.33379,79.5748],[13.38359,79.48076],[13.71621,79.42915],[13.95723,79.33965],[14.02959,79.34414],[14.05586,79.38311],[14.01113,79.48193],[14.03984,79.58564],[14.59365,79.79873],[14.83184,79.76641],[15.05234,79.67534],[15.76406,79.17427],[16.34375,78.97612],[16.25352,79.11211],[15.8751,79.51924],[15.82578,79.70903],[15.95576,79.83511],[16.1002,79.88442],[16.05664,79.95396],[16.09385,80.00732],[16.2457,80.04946],[16.52402,80.02051],[16.83848,79.90479],[16.96641,79.95894]]],[[[11.42422,78.54858],[11.82568,78.43608],[12.05615,78.30562],[12.11641,78.23257],[11.96504,78.22485],[11.58652,78.38823],[11.12129,78.46328],[10.78887,78.68652],[10.62842,78.75386],[10.55762,78.8375],[10.5582,78.90293],[10.96084,78.84639],[11.15293,78.72446],[11.07822,78.68604],[11.25029,78.61069],[11.26172,78.5417],[11.42422,78.54858]]],[[[18.16221,80.28818],[18.2917,80.35835],[18.7416,80.30093],[18.525,80.24561],[18.16221,80.28818]]],[[[29.69668,78.90474],[29.31055,78.8521],[28.49453,78.88721],[28.03789,78.82871],[27.88906,78.85215],[28.51113,78.96733],[28.84521,78.97085],[29.04707,78.91206],[29.69668,78.90474]]]]}},{"type":"Feature","properties":{"country_code":"PL","iso3":"POL","name_en":"Poland"},"geometry":{"type":"Polygon","coordinates":[[[23.66445,51.31006],[23.86348,51.12622],[23.98574,50.94043],[24.0958,50.87275],[24.10576,50.84497],[23.97842,50.7856],[24.04629,50.7228],[24.09473,50.61704],[24.08994,50.53047],[23.97266,50.41006],[23.71172,50.37734],[23.03633,49.89907],[22.70615,49.6062],[22.64941,49.53901],[22.73242,49.29517],[22.70566,49.17119],[22.84707,49.08125],[22.80977,49.02075],[22.02012,49.20952],[21.96768,49.29907],[21.89014,49.34346],[21.63965,49.41196],[21.07939,49.41826],[21.00117,49.33984],[20.86846,49.3147],[20.61611,49.3917],[20.36299,49.38525],[20.16367,49.31641],[20.05762,49.1813],[19.91611,49.22139],[19.75664,49.20439],[19.78799,49.26997],[19.77393,49.37217],[19.63027,49.40664],[19.4416,49.59771],[19.2502,49.51143],[19.14941,49.4],[18.96836,49.39624],[18.93818,49.49829],[18.83223,49.51079],[18.80693,49.61372],[18.59463,49.75781],[18.5624,49.87935],[18.34844,49.92983],[18.30527,49.91406],[18.02832,50.03525],[17.98379,49.99907],[17.83125,49.9833],[17.62705,50.11641],[17.58936,50.15747],[17.70928,50.19355],[17.73545,50.23076],[17.70225,50.30718],[17.41523,50.25479],[17.15195,50.37832],[16.88008,50.42705],[16.98965,50.23691],[16.63916,50.10215],[16.33418,50.36689],[16.21035,50.42373],[16.35664,50.50049],[16.41973,50.57363],[16.28223,50.65562],[16.00723,50.61162],[15.94854,50.67026],[15.73057,50.7397],[15.35439,50.81177],[15.27705,50.88301],[15.25859,50.95854],[14.99375,51.01436],[14.98291,50.88657],[14.80938,50.85898],[14.96387,51.09512],[15.0166,51.25273],[14.90596,51.46333],[14.72471,51.52388],[14.7249,51.66172],[14.60166,51.83237],[14.6749,51.90483],[14.75254,52.08184],[14.70459,52.11021],[14.67988,52.25],[14.61563,52.27764],[14.55459,52.35967],[14.61943,52.52852],[14.51406,52.64561],[14.12861,52.87822],[14.13887,52.93286],[14.36855,53.10557],[14.41094,53.19902],[14.41455,53.2835],[14.25889,53.72964],[14.5835,53.63936],[14.55215,53.70732],[14.5584,53.82319],[14.21367,53.87075],[14.19824,53.91904],[14.21143,53.95034],[14.38418,53.92471],[15.28838,54.13989],[16.18633,54.29038],[16.55977,54.55381],[16.88545,54.59639],[17.26191,54.72954],[18.08564,54.83584],[18.32344,54.83818],[18.75928,54.68457],[18.79961,54.63335],[18.43623,54.74473],[18.66963,54.43091],[18.97627,54.34893],[19.40713,54.38608],[19.60439,54.45918],[22.16846,54.35986],[22.73184,54.3501],[22.82373,54.3958],[22.89395,54.39053],[23.45361,54.14346],[23.47764,53.95894],[23.59893,53.59922],[23.78926,53.27095],[23.88711,53.02754],[23.91631,52.81875],[23.90127,52.70361],[23.41094,52.51621],[23.1751,52.28662],[23.59795,52.10308],[23.65244,52.04038],[23.60742,51.87979],[23.62568,51.80933],[23.54482,51.71025],[23.53965,51.6189],[23.65889,51.44897],[23.66445,51.31006]]]}},{"type":"Feature","properties":{"country_code":"PT","iso3":"PRT","name_en":"Portugal"},"geometry":{"type":"MultiPolygon","coordinates":[[[[-16.9292,32.84141],[-16.69326,32.75801],[-16.8374,32.64829],[-17.01826,32.66279],[-17.17119,32.72187],[-17.24102,32.80737],[-17.19087,32.8686],[-17.05449,32.81587],[-16.9292,32.84141]]],[[[-8.53809,42.06934],[-8.21309,42.13369],[-8.12998,42.01816],[-8.22476,41.89585],[-8.15249,41.81196],[-7.92085,41.88364],[-7.69307,41.88848],[-7.40361,41.83369],[-7.20962,41.89526],[-7.19536,41.95522],[-7.14712,41.98115],[-7.03047,41.95063],[-6.61826,41.94238],[-6.55752,41.87412],[-6.54219,41.67251],[-6.30806,41.64219],[-6.24312,41.60181],[-6.2125,41.53203],[-6.40312,41.37539],[-6.69014,41.2145],[-6.77578,41.10771],[-6.92847,41.00913],[-6.83589,40.77749],[-6.81836,40.65405],[-6.85205,40.44326],[-6.81016,40.34312],[-7.0147,40.20835],[-7.03262,40.16792],[-6.89609,40.02183],[-6.97539,39.79839],[-7.03672,39.71396],[-7.11768,39.68169],[-7.53569,39.66157],[-7.44512,39.53618],[-7.33545,39.46514],[-7.30576,39.33813],[-7.17241,39.13521],[-7.04297,39.10708],[-6.99795,39.05645],[-7.04604,38.90703],[-7.28154,38.71455],[-7.34302,38.45742],[-7.1064,38.18101],[-6.95757,38.18789],[-7.02285,38.04473],[-7.18545,38.00635],[-7.44395,37.72827],[-7.50352,37.5855],[-7.40615,37.17944],[-7.4936,37.16831],[-7.83413,37.00571],[-7.9397,37.00542],[-8.13677,37.07705],[-8.59766,37.12134],[-8.73911,37.07461],[-8.84844,37.07568],[-8.93535,37.01602],[-8.9978,37.03228],[-8.81416,37.43081],[-8.79185,37.73281],[-8.82266,37.87187],[-8.87896,37.95869],[-8.80225,38.18384],[-8.81094,38.29976],[-8.8811,38.44668],[-8.66831,38.42432],[-8.79888,38.51816],[-9.21328,38.4481],[-9.20337,38.53896],[-9.25039,38.65674],[-9.09331,38.69668],[-9.02148,38.74687],[-8.97705,38.80293],[-9.00049,38.90303],[-8.93809,38.9981],[-8.7916,39.07817],[-8.9543,39.01606],[-9.13579,38.74277],[-9.35674,38.6979],[-9.47412,38.73086],[-9.41436,39.11211],[-9.35283,39.24814],[-9.37476,39.33828],[-9.14829,39.54258],[-8.83784,40.11567],[-8.88662,40.17944],[-8.87266,40.25908],[-8.77241,40.60566],[-8.68462,40.75254],[-8.65557,41.02949],[-8.80566,41.56001],[-8.81084,41.65195],[-8.75542,41.69839],[-8.84639,41.70518],[-8.8876,41.7646],[-8.87822,41.83208],[-8.68296,42.0085],[-8.53809,42.06934]]],[[[-25.15991,36.94336],[-25.19839,36.99653],[-25.08291,37.02402],[-25.04434,37.0002],[-25.03154,36.94155],[-25.15991,36.94336]]],[[[-31.28296,39.39409],[-31.26084,39.49678],[-31.19985,39.52085],[-31.13862,39.47944],[-31.13711,39.40693],[-31.18135,39.35894],[-31.28296,39.39409]]],[[[-27.30283,38.66104],[-27.36191,38.69785],[-27.38594,38.76582],[-27.25967,38.80269],[-27.127,38.78984],[-27.04194,38.74121],[-27.04199,38.67891],[-27.09531,38.63403],[-27.30283,38.66104]]],[[[-28.18726,38.65537],[-28.31064,38.7439],[-27.77847,38.55562],[-27.82588,38.54355],[-28.18726,38.65537]]],[[[-28.84204,38.59844],[-28.69775,38.63848],[-28.60581,38.55073],[-28.74385,38.52236],[-28.84204,38.59844]]],[[[-28.23115,38.38467],[-28.45449,38.40864],[-28.53115,38.46255],[-28.54883,38.51855],[-28.51025,38.55303],[-28.40215,38.55337],[-28.06479,38.41274],[-28.23115,38.38467]]],[[[-25.2666,37.84863],[-25.18193,37.83789],[-25.19072,37.76436],[-25.25112,37.73501],[-25.43901,37.71533],[-25.73447,37.76289],[-25.83369,37.82607],[-25.8459,37.89404],[-25.78374,37.91113],[-25.5855,37.83403],[-25.2666,37.84863]]]]}},{"type":"Feature","properties":{"country_code":"RO","iso3":"ROU","name_en":"Romania"},"geometry":{"type":"Polygon","coordinates":[[[28.45127,45.29219],[28.76074,45.23413],[28.79141,45.2519],[28.78174,45.30986],[28.89434,45.28994],[29.22354,45.40293],[29.40371,45.41968],[29.56768,45.3708],[29.70586,45.25991],[29.63535,44.97964],[29.55752,44.84341],[29.04824,44.75757],[29.08105,44.79883],[29.04775,44.92568],[29.09531,44.97505],[28.98066,44.99292],[28.8915,44.91865],[28.92617,44.81001],[28.84902,44.71631],[28.80703,44.56504],[28.88818,44.57476],[28.64541,44.29565],[28.65859,43.98384],[28.58535,43.74224],[28.22197,43.77285],[28.05,43.82241],[27.88428,43.98735],[27.73857,43.9563],[27.6709,43.9978],[27.42539,44.02051],[27.08691,44.16738],[26.48926,44.08398],[26.21582,44.00728],[25.9334,43.87056],[25.81885,43.76685],[25.49707,43.6708],[25.15967,43.68633],[24.43057,43.79438],[24.22676,43.76348],[23.22461,43.87388],[22.91904,43.83447],[22.86768,43.86455],[22.86826,43.9479],[23.02441,44.04722],[23.02852,44.07798],[22.68789,44.24829],[22.6833,44.28647],[22.53066,44.37798],[22.49453,44.43545],[22.554,44.54033],[22.70078,44.55552],[22.73438,44.56992],[22.7209,44.60552],[22.49766,44.70625],[22.35068,44.67612],[22.20098,44.56069],[22.09307,44.54194],[22.02695,44.61987],[21.90928,44.66611],[21.63613,44.71045],[21.52314,44.79009],[21.36006,44.82666],[21.35791,44.86182],[21.53232,44.90068],[21.35293,45.00898],[21.4207,45.03296],[21.49023,45.1479],[21.43145,45.19253],[21.02383,45.32153],[20.79404,45.46787],[20.775,45.7498],[20.70928,45.73525],[20.58115,45.86948],[20.35859,45.97549],[20.2418,46.10859],[20.50811,46.16694],[20.61367,46.1335],[20.70742,46.1728],[20.76025,46.24624],[21.03984,46.24224],[21.12168,46.28242],[21.1918,46.39155],[21.26455,46.4123],[21.25225,46.48638],[21.32021,46.60781],[21.49707,46.7043],[21.49443,46.78975],[21.65264,46.96377],[21.66143,47.0439],[21.78545,47.13813],[21.86934,47.30459],[21.99531,47.3957],[21.99971,47.50503],[22.29063,47.72783],[22.49141,47.77256],[22.6084,47.76631],[22.87666,47.94727],[23.05479,48.00654],[23.13945,48.0874],[23.4082,47.98999],[23.66904,47.99233],[24.17773,47.90605],[24.48408,47.94712],[24.57891,47.93105],[24.89336,47.71777],[25.07383,47.7457],[25.16963,47.8231],[25.46426,47.91079],[26.1627,47.99253],[26.27695,48.11323],[26.30566,48.20376],[26.71377,48.26348],[26.90098,48.21113],[26.98076,48.15503],[27.15205,47.95928],[27.33691,47.63975],[27.46484,47.53667],[27.61406,47.34053],[27.76797,47.22759],[27.85381,47.1145],[28.07178,46.97842],[28.23945,46.64082],[28.22266,46.50806],[28.24434,46.45127],[28.11914,46.13867],[28.09971,45.97261],[28.15977,45.64712],[28.07471,45.59897],[28.31768,45.34712],[28.45127,45.29219]]]}},{"type":"Feature","properties":{"country_code":"RU","iso3":"RUS","name_en":"Russia"},"geometry":{"type":"MultiPolygon","coordinates":[[[[58.71904,81.31353],[58.61016,81.33726],[59.075,81.39771],[59.37461,81.32505],[59.09697,81.29229],[58.71904,81.31353]]],[[[64.92676,54.39663],[64.6499,54.35225],[64.46123,54.38418],[64.19941,54.34741],[63.84707,54.23647],[63.70137,54.24321],[63.19131,54.17104],[63.07393,54.10522],[62.63271,54.06929],[62.49902,54.01318],[62.04023,54.00264],[61.92871,53.94648],[61.33369,54.04927],[61.14375,53.96382],[61.11318,53.75347],[60.98555,53.65742],[60.97949,53.62173],[61.24795,53.55098],[61.47412,53.58027],[61.53496,53.52329],[61.40098,53.45581],[61.22891,53.4459],[61.16279,53.33677],[61.19922,53.28716],[61.65986,53.22847],[62.01465,53.10786],[62.08105,53.05742],[62.08271,53.00542],[61.97422,52.94375],[61.40078,52.996],[61.04746,52.97246],[60.80234,52.74473],[60.77441,52.67578],[60.99453,52.33687],[60.9376,52.28057],[60.67031,52.15083],[60.42549,52.12559],[60.06553,51.97646],[60.03027,51.93325],[60.06748,51.89063],[60.28037,51.83462],[60.3875,51.773],[60.46475,51.65117],[60.97354,51.53706],[61.01484,51.49238],[61.36309,51.44189],[61.55469,51.32461],[61.58506,51.22969],[61.51221,51.13701],[61.38945,50.86104],[61.22686,50.7748],[60.94229,50.69551],[60.63799,50.66372],[60.4248,50.67915],[60.28809,50.70415],[60.05859,50.85029],[59.95518,50.79927],[59.8124,50.58203],[59.52305,50.49287],[59.49785,50.51108],[59.52393,50.58281],[59.45234,50.62041],[58.88369,50.69443],[58.54746,50.97104],[58.35918,51.06382],[57.83887,51.09165],[57.65381,50.92515],[57.44219,50.88887],[57.179,51.03604],[57.01172,51.06519],[56.62021,50.98086],[56.49141,51.01953],[56.14395,50.84463],[56.04971,50.71353],[55.68623,50.58286],[55.36113,50.66528],[54.86797,50.94136],[54.6416,51.01157],[54.57295,50.99023],[54.54609,50.94604],[54.60625,50.87988],[54.65,50.66016],[54.63613,50.5916],[54.55527,50.53579],[54.47148,50.58379],[54.42148,50.78032],[54.13975,51.04077],[53.95684,51.16118],[53.68809,51.25181],[53.53467,51.39956],[53.33809,51.48237],[52.57119,51.48164],[52.49619,51.51216],[52.33105,51.6813],[52.21914,51.70938],[52.00713,51.67271],[51.60908,51.48398],[51.34453,51.47534],[51.30107,51.49741],[51.26992,51.59448],[51.16348,51.64746],[50.79395,51.7292],[50.30928,51.32158],[49.93232,51.19717],[49.82227,51.13188],[49.49805,51.08359],[49.42461,51.027],[49.32344,50.85171],[48.8084,50.60132],[48.6251,50.6127],[48.84326,50.01313],[48.75898,49.92832],[48.43428,49.82852],[48.2248,49.93193],[47.84961,50.28232],[47.70576,50.37798],[47.59961,50.41357],[47.50361,50.40273],[47.37637,50.31812],[47.29473,50.21748],[47.29521,50.0585],[47.24834,50.00088],[46.99199,49.85273],[46.88955,49.69697],[46.80205,49.36709],[47.01816,49.1999],[47.03135,49.15029],[46.96221,49.03833],[46.85293,48.96963],[46.70264,48.80557],[46.60918,48.57388],[46.66094,48.41226],[47.0043,48.28447],[47.06465,48.23247],[47.11904,48.127],[47.09326,47.94771],[47.20205,47.79248],[47.29238,47.74092],[47.48193,47.80391],[48.10996,47.74541],[48.16699,47.70879],[48.55254,47.321],[48.95938,46.77461],[48.95029,46.72578],[48.88359,46.70542],[48.5584,46.75713],[48.50234,46.69863],[48.54121,46.60562],[49.23223,46.33716],[49.2459,46.2916],[49.12549,46.28174],[49.07959,46.18921],[48.68369,46.08618],[48.70342,45.97622],[48.74961,45.92056],[48.72959,45.89683],[48.48701,45.93486],[48.15918,45.73701],[47.83018,45.66304],[47.70107,45.68618],[47.6498,45.65674],[47.6333,45.58403],[47.46328,45.67969],[47.52422,45.60171],[47.51455,45.49092],[47.41309,45.42104],[47.35127,45.21772],[47.11475,44.90596],[47.08379,44.81699],[47.00293,44.87607],[46.95742,44.78257],[46.75527,44.65654],[46.71611,44.56069],[46.70723,44.50332],[46.75303,44.42065],[47.02363,44.34326],[47.30703,44.10313],[47.4292,43.77988],[47.46279,43.55503],[47.5626,43.83467],[47.64648,43.88462],[47.50898,43.50972],[47.48984,43.38169],[47.51289,43.21875],[47.46318,43.03506],[47.63486,42.90347],[47.70908,42.81094],[47.72773,42.68071],[48.08018,42.35371],[48.38379,41.95342],[48.57285,41.84448],[48.39141,41.6019],[48.05605,41.45869],[47.86113,41.21274],[47.5918,41.21812],[47.31768,41.28242],[47.26113,41.31509],[47.20527,41.45562],[47.14258,41.51606],[47.01016,41.5875],[46.74932,41.8126],[46.69033,41.83135],[46.57129,41.8001],[46.5377,41.87041],[46.2127,41.98989],[45.954,42.0354],[45.63857,42.20508],[45.72754,42.47505],[45.70527,42.4981],[45.56289,42.53574],[45.34375,42.52979],[45.16025,42.675],[44.871,42.7564],[44.77109,42.6168],[44.64434,42.73472],[44.50586,42.74863],[43.95742,42.56655],[43.82598,42.57153],[43.73838,42.61699],[43.79541,42.70298],[43.78262,42.74702],[43.08916,42.98906],[43.0002,43.04966],[42.9916,43.0915],[42.76064,43.16958],[42.56602,43.15513],[42.41904,43.22422],[42.05,43.19014],[41.58057,43.21924],[41.3582,43.3334],[41.08311,43.37446],[40.64805,43.53389],[40.51895,43.51201],[40.1502,43.56978],[40.08457,43.55312],[39.97832,43.41982],[39.5167,43.72788],[39.32939,43.89727],[38.71729,44.28809],[38.18125,44.41968],[37.85146,44.69883],[37.70488,44.66138],[37.49512,44.69526],[37.35234,44.78838],[37.20479,44.97197],[36.94443,45.06958],[36.65078,45.12646],[36.61914,45.1855],[36.94121,45.2897],[36.72041,45.37188],[36.86592,45.42705],[37.21357,45.27231],[37.26426,45.31094],[37.64717,45.3772],[37.67188,45.48838],[37.60996,45.49951],[37.6124,45.5647],[37.66924,45.65405],[37.84092,45.79956],[37.93311,46.00171],[38.01426,46.04775],[38.07383,46.01709],[38.07959,45.93481],[38.18359,46.09482],[38.49229,46.09053],[38.07773,46.39434],[37.91387,46.40649],[37.7665,46.63613],[37.96797,46.61802],[38.22998,46.70127],[38.50098,46.66367],[38.43867,46.81309],[39.2707,47.04414],[39.29346,47.10576],[39.1957,47.26885],[39.02373,47.27222],[38.92832,47.17568],[38.66816,47.14395],[38.55244,47.15034],[38.76191,47.26162],[38.57725,47.23911],[38.48477,47.17554],[38.21436,47.09146],[38.20137,47.17524],[38.28076,47.27666],[38.20137,47.3208],[38.25654,47.40894],[38.2874,47.55918],[38.36885,47.60996],[38.64063,47.66592],[38.82227,47.83701],[39.73594,47.84482],[39.77871,47.88755],[39.77578,47.96445],[39.95791,48.2689],[39.84746,48.30278],[39.88984,48.36045],[39.83564,48.54277],[39.64473,48.59121],[39.70459,48.73936],[39.79287,48.80771],[39.9041,48.79375],[40.00361,48.82207],[39.98916,48.85142],[39.75332,48.91445],[39.68652,49.00791],[39.88975,49.06406],[40.10879,49.25156],[40.12617,49.36885],[40.05781,49.43154],[40.08066,49.57686],[40.03066,49.59673],[39.78057,49.57202],[39.46279,49.72803],[39.30293,49.74204],[39.1748,49.85596],[38.91836,49.82471],[38.64775,49.95288],[38.45117,49.96406],[38.25859,50.05234],[38.17754,50.02539],[38.14678,49.9394],[38.04688,49.92002],[37.7042,50.10908],[37.60508,50.21494],[37.58232,50.29185],[37.42285,50.41147],[37.34316,50.41763],[37.13125,50.35151],[36.75908,50.29185],[36.61943,50.20923],[36.4998,50.28047],[36.30605,50.28047],[36.11641,50.40854],[35.89023,50.43711],[35.67373,50.346],[35.59111,50.36875],[35.54551,50.43999],[35.41162,50.5397],[35.3917,50.61094],[35.44014,50.72769],[35.31475,50.9499],[35.33477,51.02114],[35.31191,51.0439],[35.15811,51.06099],[35.06406,51.20342],[34.7123,51.17222],[34.49102,51.23706],[34.21387,51.25537],[34.28066,51.31167],[34.275,51.34019],[34.22988,51.36323],[34.20088,51.55381],[34.11543,51.64497],[34.12109,51.67915],[34.3793,51.7165],[34.39785,51.78042],[34.11309,51.97964],[34.01533,52.15596],[33.92207,52.25146],[33.73525,52.34478],[33.14844,52.34043],[32.80645,52.25264],[32.43545,52.30723],[32.36299,52.27212],[32.28281,52.11401],[32.12227,52.05059],[31.97383,52.04663],[31.76338,52.10107],[31.69063,52.22065],[31.57734,52.3123],[31.58555,52.53247],[31.61592,52.54619],[31.52617,52.63301],[31.51943,52.69873],[31.56484,52.75923],[31.25879,53.0167],[31.41787,53.19604],[31.66826,53.20093],[31.74746,53.18418],[31.84971,53.1062],[32.14199,53.09116],[32.42627,53.2106],[32.46934,53.27031],[32.7043,53.33633],[32.70645,53.41943],[32.46963,53.54697],[32.4252,53.61729],[32.4502,53.69292],[32.20039,53.78125],[31.7542,53.81045],[31.82529,53.93501],[31.82598,54.03071],[31.40361,54.19595],[31.18477,54.45298],[31.0748,54.4918],[31.15215,54.62534],[30.79883,54.78325],[30.82988,54.91499],[30.97773,55.05049],[30.95889,55.1376],[30.81055,55.30698],[30.90059,55.39741],[30.90684,55.57002],[30.62559,55.66626],[30.45625,55.78682],[30.23359,55.84521],[29.93701,55.84526],[29.48223,55.68457],[29.35342,55.78438],[29.39609,55.91221],[29.28301,55.96787],[29.03174,56.02178],[28.79473,55.94258],[28.56396,56.09199],[28.28428,56.05591],[28.14795,56.14292],[28.20205,56.2604],[28.16924,56.38687],[28.10313,56.5457],[28.00752,56.59985],[27.89209,56.74106],[27.88154,56.82417],[27.80605,56.86709],[27.63945,56.84565],[27.71113,56.97808],[27.71738,57.05464],[27.83027,57.19448],[27.82861,57.29331],[27.53867,57.42979],[27.51113,57.50815],[27.35195,57.52813],[27.3543,57.55029],[27.4,57.6668],[27.49199,57.72495],[27.54209,57.79941],[27.75283,57.84102],[27.77852,57.8707],[27.67344,57.93462],[27.50244,58.22134],[27.48779,58.27007],[27.53135,58.43525],[27.42705,58.73306],[27.43418,58.78726],[27.51309,58.88628],[27.75762,59.052],[27.89766,59.27764],[28.15107,59.37441],[28.0125,59.48428],[28.06396,59.554],[28.01396,59.72476],[28.05801,59.78154],[28.13115,59.78652],[28.2125,59.72466],[28.33457,59.69253],[28.42373,59.73408],[28.45391,59.81426],[28.51816,59.84956],[28.74766,59.80669],[28.94727,59.82876],[29.14727,59.99976],[29.66973,59.95566],[30.12256,59.87358],[30.17266,59.95713],[29.97676,60.02637],[29.87227,60.12085],[29.72119,60.19531],[29.06914,60.19146],[28.8127,60.33154],[28.64316,60.37529],[28.4916,60.54014],[28.62246,60.4916],[28.65059,60.61099],[28.51279,60.67729],[28.1793,60.571],[27.79766,60.53613],[28.40742,60.89692],[29.25166,61.28779],[30.56563,62.12759],[31.18672,62.4814],[31.28564,62.56782],[31.53652,62.92163],[31.18086,63.2083],[30.41855,63.50405],[29.9915,63.73516],[30.21025,63.80332],[30.50391,64.02061],[30.52607,64.07729],[30.48789,64.23652],[30.10811,64.36611],[29.98662,64.52427],[29.98555,64.55771],[30.12012,64.64463],[30.11025,64.73257],[30.07285,64.76504],[29.7832,64.8043],[29.70166,64.84575],[29.6042,64.96841],[29.62246,65.0395],[29.81084,65.10791],[29.82695,65.14507],[29.81055,65.20474],[29.60801,65.24868],[29.71484,65.33696],[29.72803,65.47344],[29.81943,65.56875],[29.71592,65.62456],[30.09531,65.68169],[30.0875,65.78652],[29.90342,66.09106],[29.6709,66.27612],[29.46436,66.53218],[29.06621,66.89175],[29.08701,66.97095],[29.24336,67.09658],[29.94121,67.54746],[29.98809,67.66826],[29.34385,68.06187],[28.68516,68.18979],[28.4707,68.48838],[28.4793,68.53765],[28.75205,68.77144],[28.77285,68.84004],[28.45352,68.87227],[28.41406,68.90415],[29.11855,69.04995],[29.20996,69.09702],[29.38828,69.29814],[29.99404,69.39248],[30.16377,69.50161],[30.19648,69.58057],[30.15977,69.62988],[30.61543,69.53257],[30.86074,69.53843],[30.92246,69.60581],[30.86973,69.78345],[31.54697,69.69692],[31.66621,69.721],[31.78857,69.81577],[31.99795,69.80991],[32.03057,69.8353],[31.96934,69.91392],[31.98457,69.95366],[33.00781,69.72212],[32.99463,69.62617],[32.91504,69.60171],[32.17676,69.67402],[32.0915,69.63257],[32.33057,69.55425],[32.37773,69.4791],[32.9998,69.47012],[33.021,69.44561],[32.9416,69.38335],[32.97891,69.36733],[33.38486,69.44429],[33.4543,69.42817],[33.46367,69.37817],[33.41299,69.26743],[33.32773,69.15186],[33.19639,69.11685],[33.14121,69.0687],[33.43564,69.13037],[33.68438,69.31025],[34.22939,69.31313],[35.00957,69.22124],[35.17588,69.23081],[35.28984,69.27544],[35.85791,69.19175],[37.73057,68.69214],[38.35762,68.41514],[38.43018,68.35562],[38.83154,68.3249],[39.56895,68.07173],[39.82334,68.05859],[39.74629,68.16221],[39.80928,68.15083],[40.38066,67.83188],[40.96641,67.71348],[41.06094,67.44419],[41.13389,67.38604],[41.13389,67.26694],[41.35879,67.20967],[41.27559,66.91431],[41.18896,66.82617],[40.52158,66.44663],[40.10332,66.29995],[39.28906,66.13203],[38.65391,66.06904],[37.90068,66.09561],[36.98369,66.27256],[36.37344,66.30229],[35.51348,66.3958],[34.82461,66.61113],[34.48262,66.55034],[34.39609,66.61318],[34.45156,66.65122],[34.14609,66.70327],[33.89365,66.70674],[33.59541,66.78462],[33.48203,66.76455],[33.1502,66.84395],[32.84756,67.02153],[32.93047,67.08682],[32.3999,67.15269],[31.89531,67.16143],[32.20156,67.11323],[32.50098,67.00386],[32.46367,66.91631],[32.85732,66.74692],[32.8624,66.72139],[33.18057,66.67993],[33.22441,66.60386],[33.18291,66.57388],[33.21738,66.53164],[33.65596,66.44263],[33.59326,66.38457],[33.36055,66.32954],[34.1127,66.22524],[34.3998,66.12842],[34.6918,65.95186],[34.78633,65.86455],[34.77695,65.76826],[34.61572,65.50991],[34.40645,65.39575],[34.67109,65.16812],[34.80352,64.98599],[34.83262,64.8002],[34.95225,64.75596],[34.8583,64.70669],[34.86953,64.56001],[35.03535,64.44023],[35.43203,64.34678],[35.64707,64.37832],[36.14648,64.18901],[36.36494,64.00283],[37.44219,63.81338],[37.63535,63.89341],[37.96797,63.94912],[38.0708,64.02583],[38.06221,64.09102],[37.97715,64.20703],[37.95371,64.32012],[37.74063,64.39697],[37.42959,64.37358],[37.18369,64.4085],[36.57871,64.79097],[36.52822,64.84736],[36.53457,64.93862],[36.65293,64.93545],[36.78594,64.98716],[36.88281,65.17236],[37.14082,65.19429],[37.52813,65.10825],[38.00938,64.87876],[38.41211,64.85708],[38.54092,64.79126],[39.05352,64.71392],[39.56738,64.57056],[39.75801,64.57705],[39.84863,64.69053],[40.05781,64.77075],[40.40781,64.75488],[40.44492,64.77871],[40.28125,64.9981],[40.14268,65.06328],[39.79805,65.34985],[39.74912,65.44795],[39.8165,65.59795],[40.32783,65.75171],[40.6916,65.96343],[41.07607,66.02109],[41.47578,66.12344],[41.78086,66.25933],[42.21055,66.51968],[42.45078,66.48242],[42.60215,66.42251],[43.2332,66.41553],[43.55088,66.32129],[43.65313,66.25098],[43.55039,66.17339],[43.54189,66.12339],[43.73701,66.1584],[43.84375,66.14238],[44.10439,66.00859],[44.14531,66.11274],[44.09717,66.23506],[44.2207,66.40708],[44.48867,66.67178],[44.43711,66.79463],[44.4293,66.93774],[44.40391,67.0042],[44.2918,67.09966],[44.07441,67.16733],[43.85537,67.18862],[43.78242,67.25449],[43.85635,67.43931],[44.03643,67.67065],[44.22539,67.99561],[44.20469,68.25376],[44.16914,68.3271],[43.404,68.60854],[43.3332,68.67339],[43.47197,68.67983],[44.04805,68.54883],[45.07813,68.57817],[45.51943,68.54653],[45.89199,68.47969],[46.68359,67.97046],[46.69043,67.84883],[45.52871,67.75757],[44.93945,67.47744],[44.90215,67.41313],[44.93945,67.35078],[45.56221,67.1856],[45.88535,66.89106],[45.98604,66.85313],[46.29775,66.84282],[46.49238,66.8002],[47.49648,66.92983],[47.65586,66.97593],[47.70908,67.04502],[47.76807,67.27563],[47.9082,67.45469],[47.87471,67.58418],[48.65381,67.69526],[48.8332,67.68149],[48.87793,67.73135],[48.6957,67.87422],[48.7543,67.89595],[48.95391,67.85381],[49.15527,67.87041],[49.93125,68.06514],[50.69941,68.31772],[51.33613,68.40244],[51.99473,68.53877],[52.12881,68.53203],[52.28535,68.45937],[52.1835,68.37427],[52.39668,68.35171],[52.66973,68.42676],[52.72266,68.48403],[52.64766,68.50615],[52.5501,68.59243],[52.34404,68.60815],[52.68359,68.7312],[53.80195,68.9959],[54.49121,68.99233],[53.79766,68.90747],[53.79824,68.88467],[53.97061,68.84429],[53.89121,68.80151],[53.75889,68.63398],[53.91768,68.53696],[53.93086,68.43555],[53.82949,68.38267],[53.69004,68.40254],[53.34258,68.34321],[53.26055,68.26748],[53.96787,68.22734],[54.47617,68.29414],[54.71797,68.18418],[54.86133,68.20186],[54.92305,68.37383],[55.41807,68.56782],[55.67529,68.57588],[56.04365,68.64888],[56.62021,68.61904],[57.12686,68.554],[58.17305,68.88975],[58.23701,68.83394],[58.35391,68.91621],[59.05732,69.00605],[59.11016,68.89629],[59.37051,68.73838],[59.22256,68.69131],[59.1123,68.61631],[59.09902,68.44434],[59.72568,68.35161],[59.85879,68.39604],[59.92285,68.47134],[59.94141,68.5105],[59.86514,68.60493],[59.896,68.70635],[60.48916,68.72896],[60.6377,68.78701],[60.93359,68.98677],[60.85859,69.14551],[60.66455,69.11025],[60.3373,69.45703],[60.17061,69.59092],[60.27646,69.65264],[60.55869,69.69233],[60.90908,69.84712],[61.77051,69.76304],[62.63125,69.74312],[63.36143,69.67529],[64.19043,69.53467],[64.92852,69.32539],[64.89629,69.2478],[65.0,69.26469],[64.99541,54.36875],[64.92676,54.39663]]],[[[48.4457,80.80601],[48.68652,80.71777],[48.68359,80.63325],[48.04434,80.66816],[47.70527,80.76519],[47.41416,80.67451],[47.30391,80.6062],[47.14492,80.60903],[47.01104,80.56211],[46.67754,80.56133],[46.51367,80.47554],[46.14141,80.44673],[45.96904,80.56948],[45.64082,80.53696],[44.90498,80.61128],[45.12451,80.65225],[46.79912,80.75522],[47.35234,80.85293],[48.4457,80.80601]]],[[[50.80107,80.91416],[51.45479,80.74468],[51.59102,80.74077],[51.70361,80.68765],[51.14619,80.60396],[50.96084,80.54048],[49.846,80.49766],[49.7498,80.47207],[49.79414,80.42534],[49.58594,80.37656],[48.89609,80.36919],[48.67705,80.30005],[48.95957,80.26567],[49.01074,80.20742],[48.97754,80.1626],[48.58174,80.19536],[48.4668,80.11011],[48.38623,80.0958],[48.16719,80.13276],[47.7373,80.08169],[47.63242,80.11196],[47.97754,80.21255],[47.64238,80.24531],[47.44434,80.23013],[47.34307,80.18853],[46.99102,80.18276],[46.64443,80.30034],[47.8958,80.52905],[48.40264,80.5688],[48.6251,80.5083],[49.08779,80.51577],[49.18525,80.55864],[49.19268,80.65601],[49.14746,80.71211],[49.24434,80.82139],[50.12432,80.92388],[50.80107,80.91416]]],[[[63.65947,75.66875],[62.06611,75.42773],[61.61621,75.31963],[61.35596,75.31484],[60.71924,75.0686],[60.27686,75.00757],[60.24111,74.97075],[60.45488,74.94614],[60.50137,74.90464],[60.08008,74.75586],[59.74727,74.7459],[59.73467,74.69546],[59.77148,74.66445],[59.67402,74.61016],[59.24014,74.69297],[59.18203,74.66577],[59.14609,74.5519],[59.04043,74.48555],[58.92822,74.4627],[58.53467,74.49893],[58.50215,74.46421],[58.66504,74.28926],[58.61787,74.22739],[58.44141,74.12886],[57.76738,74.01382],[57.87227,73.85044],[57.84492,73.80508],[57.75596,73.76919],[57.31309,73.83804],[57.29092,73.81455],[57.46426,73.74604],[57.54258,73.6582],[57.13438,73.50439],[56.96387,73.36655],[56.63418,73.3043],[55.54922,73.35684],[55.00684,73.45386],[54.76865,73.44941],[54.2999,73.35098],[54.13154,73.48101],[54.20459,73.54204],[53.83867,73.69712],[53.76289,73.76616],[54.38633,73.93564],[54.64268,73.95957],[55.34092,74.41963],[56.13711,74.49609],[55.94746,74.54219],[55.66152,74.5561],[55.58223,74.62769],[55.91367,74.79609],[56.49873,74.95708],[56.34004,75.01348],[55.99805,75.00337],[55.86318,75.05874],[55.81006,75.1249],[56.03555,75.19424],[56.57031,75.09775],[56.87627,75.24438],[56.80947,75.32842],[56.84443,75.35142],[57.0875,75.38384],[57.60684,75.34126],[57.7834,75.50669],[58.09365,75.59253],[58.0583,75.66309],[58.41836,75.71978],[58.88125,75.85479],[60.03613,75.98384],[60.11816,76.06655],[60.2793,76.09624],[60.73057,76.10405],[60.80117,76.0688],[60.94219,76.07129],[61.05391,76.11987],[61.03438,76.23296],[61.20166,76.28203],[61.56943,76.29849],[62.47109,76.23047],[62.97148,76.23667],[63.52617,76.30952],[64.46348,76.37817],[65.0,76.48937],[65.0,75.81686],[63.65947,75.66875]]],[[[56.1377,73.25615],[56.42959,73.20117],[56.39746,73.13916],[56.18896,73.03301],[56.16699,72.9832],[56.19287,72.90498],[56.12168,72.80659],[55.72344,72.76641],[55.70098,72.67173],[55.61641,72.59907],[55.40332,72.54907],[55.41689,72.50132],[55.35596,72.46509],[55.35957,72.40869],[55.39912,72.31362],[55.51807,72.22065],[55.40332,72.10688],[55.375,72.01489],[55.29785,71.93535],[55.47109,71.86924],[55.61367,71.68989],[55.81934,71.50757],[56.45439,71.10737],[56.89482,70.927],[57.48359,70.79229],[57.62539,70.72881],[57.1459,70.58911],[56.64883,70.64653],[56.51006,70.72881],[56.26006,70.71475],[56.56133,70.59355],[56.43457,70.56299],[56.14248,70.65786],[56.08711,70.61836],[55.9416,70.64927],[55.79688,70.61558],[55.70674,70.64189],[55.6873,70.69219],[55.05166,70.66675],[54.86709,70.67812],[54.64512,70.74185],[54.60117,70.68008],[54.33262,70.74468],[53.72236,70.81445],[53.38359,70.87354],[53.61357,70.91465],[53.58779,71.05229],[53.67051,71.08691],[53.85703,71.07041],[53.83428,71.12671],[54.09395,71.10522],[54.15566,71.12549],[53.59082,71.29668],[53.62217,71.33276],[53.40996,71.34014],[53.31904,71.39917],[53.33252,71.47725],[53.41162,71.53013],[52.90898,71.49502],[52.41885,71.53687],[51.93789,71.47471],[51.59043,71.57114],[51.43867,71.77681],[51.44355,71.93438],[51.58252,72.07119],[51.88545,72.15322],[52.25205,72.12974],[52.40674,72.19673],[52.46191,72.25234],[52.62207,72.30098],[52.74873,72.48296],[52.86367,72.54985],[52.82324,72.59126],[52.9166,72.6689],[52.68311,72.68232],[52.52852,72.73735],[52.55059,72.76855],[52.91318,72.89995],[53.36982,72.91675],[53.24727,72.97314],[53.18896,73.104],[53.19795,73.14756],[53.35762,73.22456],[53.75322,73.29326],[54.20234,73.28135],[54.80391,73.38765],[55.7873,73.2686],[56.1377,73.25615]]],[[[35.84229,65.00146],[35.77871,64.97666],[35.68008,65.05762],[35.55859,65.0936],[35.52891,65.15107],[35.7291,65.19756],[35.81611,65.18208],[35.84844,65.14268],[35.84229,65.00146]]],[[[42.47734,66.73506],[42.46006,66.77036],[42.63145,66.78223],[42.71367,66.70171],[42.47734,66.73506]]],[[[53.07402,71.23794],[53.19258,71.21528],[53.20518,71.15972],[53.04814,71.03096],[53.121,70.98203],[53.02266,70.9687],[52.94961,71.05361],[52.83535,71.08584],[52.73838,71.18066],[52.54658,71.25044],[52.42549,71.23926],[52.28945,71.27036],[52.23984,71.32505],[52.5126,71.38506],[52.72969,71.35513],[52.73223,71.40371],[52.90332,71.36499],[53.07402,71.23794]]],[[[49.58828,80.13613],[49.55605,80.15894],[49.88369,80.23022],[50.25098,80.21948],[50.31914,80.17236],[49.9709,80.06074],[49.58828,80.13613]]],[[[50.4541,79.92441],[50.09141,79.98057],[50.93633,80.09424],[51.25439,80.04863],[51.24277,79.99126],[51.43516,79.93193],[50.4541,79.92441]]],[[[50.51816,81.04556],[50.36846,81.12251],[50.71592,81.17065],[50.87861,81.15088],[50.94619,81.10815],[50.75371,81.04741],[50.51816,81.04556]]],[[[54.97969,80.25645],[55.24004,80.32539],[55.47969,80.27383],[55.19512,80.22681],[54.97969,80.25645]]],[[[53.81191,80.47622],[53.9002,80.51543],[53.85889,80.56304],[53.87725,80.60527],[54.40713,80.54014],[54.4373,80.49868],[54.27588,80.42134],[53.81191,80.47622]]],[[[58.91924,79.98462],[58.94609,80.04233],[59.54453,80.11885],[59.80166,80.08267],[59.91104,79.99429],[59.33066,79.92305],[58.91924,79.98462]]],[[[58.90254,80.89766],[58.93057,80.83169],[58.85996,80.77939],[58.28564,80.76489],[57.93789,80.79336],[57.7498,80.88906],[57.40518,80.91514],[57.21094,81.01709],[57.41025,81.04678],[57.65625,81.03154],[58.04951,81.11846],[58.62236,81.04165],[58.90254,80.89766]]],[[[47.92031,45.56206],[47.94717,45.64707],[47.98711,45.55405],[47.96768,45.46997],[47.92031,45.56206]]],[[[50.16445,69.03755],[50.09395,69.12554],[49.9208,69.05327],[49.83984,68.97378],[49.62627,68.85972],[49.18047,68.77842],[48.66699,68.73315],[48.43906,68.80488],[48.31592,68.94238],[48.27881,69.04033],[48.31992,69.26924],[48.41387,69.34565],[48.63135,69.43604],[48.95332,69.50928],[49.2252,69.51123],[50.16729,69.25708],[50.26523,69.1856],[50.28301,69.08887],[50.16445,69.03755]]],[[[62.52031,80.82188],[63.11582,80.9668],[64.0957,80.99834],[64.31016,81.1752],[64.57539,81.19849],[65.0,81.1729],[65.0,80.81954],[64.54834,80.75542],[63.1876,80.69761],[62.52031,80.82188]]],[[[57.33232,80.15811],[57.28145,80.1939],[57.18623,80.39624],[57.01113,80.46831],[57.075,80.49395],[58.48047,80.46475],[58.97168,80.41587],[59.25547,80.34321],[58.39795,80.31875],[58.28389,80.2978],[58.25547,80.20181],[57.8001,80.10405],[57.33232,80.15811]]],[[[62.07578,80.61694],[61.68125,80.58633],[61.59746,80.53496],[61.28516,80.50474],[61.05127,80.4186],[60.27832,80.49443],[59.6498,80.43125],[59.34639,80.50503],[59.30439,80.52153],[59.28818,80.57266],[59.38652,80.71255],[59.59229,80.8165],[59.71582,80.83638],[60.09453,80.84858],[60.23496,80.83774],[60.27803,80.80146],[60.48154,80.80425],[61.59746,80.89292],[62.10293,80.8666],[62.22773,80.79438],[62.07578,80.61694]]],[[[60.32109,80.95552],[60.0582,80.98462],[60.58662,81.0877],[61.45742,81.10396],[61.56738,81.05029],[61.14082,80.95034],[60.82676,80.92969],[60.32109,80.95552]]],[[[52.34355,80.21323],[52.21338,80.26372],[52.68057,80.31851],[52.85391,80.40239],[53.18564,80.41265],[53.3292,80.40239],[53.3459,80.36631],[53.48613,80.32339],[53.85166,80.26836],[53.77793,80.22832],[53.52139,80.18521],[52.85635,80.17324],[52.34355,80.21323]]],[[[57.08018,80.09468],[56.98691,80.07148],[55.72402,80.10474],[56.01221,80.20391],[55.98984,80.32007],[56.02441,80.34131],[56.65508,80.33032],[56.70723,80.36328],[56.94453,80.36616],[57.07871,80.35093],[57.12266,80.31699],[57.08018,80.09468]]],[[[58.43604,81.46416],[58.56387,81.41841],[57.85869,81.36807],[57.91191,81.30327],[58.01533,81.25483],[57.91289,81.19751],[57.45098,81.13555],[56.82188,81.23794],[56.5125,81.17524],[56.19199,81.22397],[55.7167,81.18848],[55.57266,81.22808],[55.46602,81.31118],[55.78193,81.32944],[56.15684,81.30308],[56.40469,81.38701],[56.71875,81.42339],[57.0915,81.54121],[57.7166,81.56465],[57.8627,81.50645],[58.43604,81.46416]]],[[[56.17012,81.02915],[56.47227,80.99824],[57.69414,80.79229],[56.81475,80.66362],[55.8834,80.62842],[55.11719,80.7519],[54.66816,80.73867],[54.53281,80.78301],[54.0666,80.81362],[54.04541,80.87197],[54.36729,80.90381],[54.4168,80.98652],[54.63398,81.11318],[55.4707,81.01987],[56.17012,81.02915]]],[[[62.88496,81.60889],[62.10645,81.67935],[62.79492,81.71895],[63.70957,81.6873],[63.78242,81.6498],[63.52852,81.59658],[62.88496,81.60889]]],[[[57.90928,81.72192],[57.98496,81.79702],[58.13457,81.82798],[59.26182,81.8542],[59.4085,81.82544],[59.35645,81.75898],[57.96484,81.69565],[57.90928,81.72192]]],[[[60.44023,69.72593],[60.21592,69.6877],[59.63701,69.72104],[59.57822,69.73862],[59.58125,69.79087],[59.50264,69.86621],[59.14424,69.92192],[58.95273,69.89277],[58.68008,70.05103],[58.47305,70.26685],[58.51992,70.31831],[58.67803,70.35957],[58.79424,70.43296],[59.04805,70.4605],[59.63633,70.19702],[60.39258,69.9624],[60.48066,69.8855],[60.44023,69.72593]]],[[[20.59482,54.98237],[20.8875,54.90947],[21.18887,54.93521],[21.23574,55.26411],[21.38926,55.27554],[21.55469,55.19531],[22.07236,55.06367],[22.56729,55.05913],[22.62744,54.9707],[22.82471,54.87129],[22.68447,54.56294],[22.67988,54.49302],[22.76621,54.35679],[19.60439,54.45918],[19.85889,54.63384],[19.94414,54.75],[19.97451,54.92119],[20.10762,54.95649],[20.39668,54.95127],[20.52031,54.99487],[20.8998,55.28667],[20.95781,55.27891],[20.59482,54.98237]]],[[[33.65997,46.21957],[33.80667,46.20829],[34.02672,46.10673],[34.2242,46.10108],[34.35398,46.06159],[34.4499,45.96567],[34.68688,45.97695],[34.79408,45.89231],[34.79973,45.79075],[35.00167,45.73338],[35.26016,45.44692],[35.45752,45.31631],[35.55801,45.31089],[35.8335,45.40161],[36.01289,45.37168],[36.17051,45.45308],[36.29033,45.45674],[36.575,45.39355],[36.45078,45.23232],[36.39336,45.06538],[36.22988,45.02598],[35.87012,45.00532],[35.67754,45.102],[35.47256,45.09849],[35.35781,44.97842],[35.15479,44.89634],[35.0877,44.80264],[34.71689,44.80713],[34.46992,44.72168],[34.28174,44.53843],[34.07441,44.42383],[33.90996,44.3876],[33.75566,44.39893],[33.45068,44.55366],[33.61221,44.90781],[33.55518,45.09766],[33.39248,45.18784],[33.26152,45.17075],[33.18691,45.19478],[32.91865,45.34814],[32.77266,45.35898],[32.61133,45.32808],[32.50801,45.40381],[33.14229,45.74922],[33.28008,45.76523],[33.66484,45.94707],[33.59414,46.09624],[33.65432,46.14622],[33.65997,46.21957]]]]}},{"type":"Feature","properties":{"country_code":"SM","iso3":"SMR","name_en":"San Marino"},"geometry":{"type":"Polygon","coordinates":[[[12.39688,43.93457],[12.44111,43.98242],[12.50371,43.98975],[12.48525,43.90142],[12.42637,43.89409],[12.39688,43.93457]]]}},{"type":"Feature","properties":{"country_code":"RS","iso3":"SRB","name_en":"Republic of Serbia"},"geometry":{"type":"Polygon","coordinates":[[[21.63613,44.71045],[22.02695,44.61987],[22.09307,44.54194],[22.20098,44.56069],[22.35068,44.67612],[22.49766,44.70625],[22.64209,44.65098],[22.73438,44.56992],[22.554,44.54033],[22.50234,44.4896],[22.49453,44.43545],[22.53066,44.37798],[22.64795,44.31646],[22.70508,44.23779],[22.62656,44.19409],[22.59746,44.07529],[22.4208,44.00742],[22.36543,43.86211],[22.36963,43.7813],[22.55459,43.45449],[22.76758,43.35415],[22.85957,43.25234],[22.97686,43.18799],[22.94229,43.09707],[22.70615,42.88394],[22.4668,42.84248],[22.43926,42.79165],[22.46563,42.75078],[22.43623,42.6291],[22.53242,42.4812],[22.42207,42.32886],[22.34404,42.31396],[22.23975,42.35815],[22.05205,42.30464],[21.9041,42.32207],[21.5625,42.24751],[21.51895,42.32842],[21.60986,42.38745],[21.75293,42.66982],[21.39063,42.75142],[21.40303,42.83154],[21.23711,42.91323],[21.22266,42.9562],[21.05703,43.0917],[20.84443,43.17344],[20.80059,43.26108],[20.62314,43.19863],[20.65762,43.09985],[20.62402,43.03418],[20.4751,42.95303],[20.46885,42.85791],[20.34434,42.82793],[20.33994,42.89287],[20.26846,42.93545],[19.94404,43.08164],[19.61445,43.17344],[19.41465,43.34282],[19.21875,43.44995],[19.19434,43.5333],[19.25449,43.58437],[19.36035,43.59346],[19.45127,43.56206],[19.49512,43.64287],[19.48818,43.70356],[19.24502,43.96504],[19.30527,43.99336],[19.54951,43.98711],[19.58379,44.04346],[19.33887,44.22583],[19.15186,44.30254],[19.11846,44.35996],[19.15137,44.52734],[19.29189,44.69678],[19.34863,44.88091],[19.23682,44.91426],[19.00713,44.86919],[18.99551,44.904],[19.08525,44.92676],[19.06289,45.13721],[19.12969,45.15171],[19.13691,45.19624],[19.30303,45.16729],[19.38809,45.173],[19.4,45.2125],[19.33027,45.26807],[19.09307,45.33691],[19.00469,45.39951],[19.00762,45.46582],[19.06426,45.51499],[18.91787,45.60083],[18.94727,45.65581],[18.83906,45.83574],[18.89355,45.86553],[18.90537,45.93174],[19.01572,45.95972],[19.06621,46.00952],[19.2084,45.98442],[19.27813,46.00288],[19.42129,46.06445],[19.53076,46.15518],[19.93408,46.16147],[20.21016,46.12603],[20.35859,45.97549],[20.58115,45.86948],[20.70928,45.73525],[20.775,45.7498],[20.79404,45.46787],[21.02383,45.32153],[21.43145,45.19253],[21.49023,45.1479],[21.4207,45.03296],[21.35293,45.00898],[21.53232,44.90068],[21.35791,44.86182],[21.36006,44.82666],[21.52314,44.79009],[21.63613,44.71045]]]}},{"type":"Feature","properties":{"country_code":"SK","iso3":"SVK","name_en":"Slovakia"},"geometry":{"type":"Polygon","coordinates":[[[22.38945,48.87349],[22.29521,48.68584],[22.14287,48.56851],[22.11133,48.39336],[21.72148,48.34658],[21.56318,48.4957],[21.45137,48.55225],[21.06729,48.50591],[20.8666,48.54565],[20.49004,48.5269],[20.33379,48.29556],[19.95039,48.14663],[19.89863,48.13135],[19.62539,48.2231],[19.56426,48.21284],[19.46699,48.11069],[18.91416,48.05083],[18.79189,48.00029],[18.7501,47.93945],[18.77803,47.85288],[18.72422,47.78716],[17.76191,47.77017],[17.63525,47.80991],[17.31729,47.99092],[17.14736,48.00596],[17.08594,48.03955],[16.86543,48.38691],[16.8627,48.44141],[16.94336,48.55093],[16.98525,48.6769],[17.13564,48.84106],[17.18848,48.86094],[17.48262,48.82778],[17.7585,48.88813],[17.91328,48.99873],[18.08594,49.06514],[18.16094,49.25737],[18.36484,49.33623],[18.59648,49.49146],[18.93818,49.49829],[18.96836,49.39624],[19.14941,49.4],[19.2502,49.51143],[19.4416,49.59771],[19.63027,49.40664],[19.77393,49.37217],[19.78799,49.26997],[19.75664,49.20439],[19.80225,49.19233],[19.91611,49.22139],[20.05762,49.1813],[20.16367,49.31641],[20.36299,49.38525],[20.61611,49.3917],[20.86846,49.3147],[21.00117,49.33984],[21.07939,49.41826],[21.63965,49.41196],[21.89014,49.34346],[21.96768,49.29907],[22.02012,49.20952],[22.53867,49.07271],[22.38945,48.87349]]]}},{"type":"Feature","properties":{"country_code":"SI","iso3":"SVN","name_en":"Slovenia"},"geometry":{"type":"Polygon","coordinates":[[[16.32119,46.53462],[16.2584,46.50791],[16.23672,46.48384],[16.25332,46.38911],[16.22744,46.37285],[16.0665,46.37134],[15.9333,46.27764],[15.63594,46.20073],[15.59258,46.13999],[15.66621,46.04849],[15.65215,45.86216],[15.27705,45.73262],[15.35371,45.65991],[15.28359,45.57969],[15.33945,45.46704],[15.24209,45.44141],[14.95459,45.4999],[14.79307,45.47822],[14.56885,45.65723],[14.36992,45.48145],[14.08555,45.47783],[13.99277,45.50942],[13.87871,45.42837],[13.61523,45.47676],[13.57793,45.51689],[13.71982,45.5876],[13.87471,45.61484],[13.72168,45.76128],[13.5834,45.81235],[13.60059,45.97979],[13.4877,45.98711],[13.48643,46.03955],[13.6166,46.13311],[13.63252,46.17705],[13.421,46.2123],[13.37822,46.26162],[13.39951,46.31753],[13.67969,46.46289],[13.7,46.52026],[14.5498,46.39971],[14.75674,46.49912],[14.89326,46.60591],[15.21699,46.64297],[15.43926,46.62964],[15.63262,46.69844],[15.76689,46.71128],[15.95762,46.67764],[15.97686,46.80137],[16.09307,46.86328],[16.28359,46.85728],[16.33545,46.72163],[16.38457,46.68081],[16.38125,46.63867],[16.51621,46.4999],[16.32119,46.53462]]]}},{"type":"Feature","properties":{"country_code":"ES","iso3":"ESP","name_en":"Spain"},"geometry":{"type":"MultiPolygon","coordinates":[[[[1.40576,38.671],[1.40195,38.71143],[1.43633,38.76821],[1.49688,38.71191],[1.59268,38.70146],[1.57119,38.65884],[1.40576,38.671]]],[[[3.3959,39.77729],[3.44893,39.76123],[3.46182,39.69775],[3.24473,39.38662],[3.07285,39.30127],[2.7998,39.38506],[2.746,39.51025],[2.70059,39.54214],[2.63408,39.5562],[2.49951,39.47788],[2.37002,39.57207],[2.37129,39.61309],[2.78496,39.85483],[3.15869,39.97051],[3.19756,39.96108],[3.16445,39.92422],[3.19863,39.88984],[3.14531,39.79009],[3.24111,39.75669],[3.3959,39.77729]]],[[[3.86719,39.95874],[3.84268,39.97637],[3.85342,40.06304],[4.05918,40.0751],[4.22578,40.03237],[4.32207,39.89751],[4.27529,39.83027],[3.86719,39.95874]]],[[[1.22334,38.90386],[1.25625,38.97339],[1.2998,38.98174],[1.30254,39.03115],[1.34863,39.08081],[1.56445,39.12104],[1.61318,39.0874],[1.62363,39.03882],[1.44521,38.9187],[1.40898,38.85728],[1.22334,38.90386]]],[[[-1.71284,43.30703],[-1.41069,43.24009],[-1.42261,43.14912],[-1.48047,43.07114],[-1.42876,43.03677],[-1.37051,43.0376],[-1.30005,43.10098],[-1.28545,43.05962],[-1.17544,43.02114],[-0.93384,42.94951],[-0.76265,42.93979],[-0.58643,42.79897],[-0.29932,42.82534],[-0.04116,42.68911],[0.20137,42.71934],[0.25547,42.69292],[0.63164,42.6896],[0.65176,42.80044],[0.69688,42.84512],[1.34941,42.69067],[1.42832,42.5959],[1.44883,42.43745],[1.70605,42.50332],[1.92793,42.42632],[1.98652,42.3585],[2.20039,42.42095],[2.65166,42.34048],[2.70186,42.4085],[2.89141,42.45605],[3.21143,42.43115],[3.30674,42.28896],[3.16641,42.25649],[3.15039,42.16245],[3.23809,42.08223],[3.24805,41.94424],[3.00488,41.76743],[2.31094,41.4665],[2.08262,41.2874],[1.03291,41.06206],[0.71465,40.82285],[0.79609,40.80381],[0.89111,40.72236],[0.72061,40.63047],[0.59609,40.6145],[0.36367,40.31904],[-0.07515,39.87593],[-0.327,39.51987],[-0.32896,39.41709],[-0.20493,39.0626],[-0.03413,38.89121],[0.15488,38.82466],[0.20156,38.75918],[-0.05273,38.58569],[-0.38125,38.43564],[-0.5208,38.31729],[-0.55068,38.20313],[-0.64678,38.15186],[-0.6832,37.99204],[-0.81465,37.76992],[-0.8231,37.71162],[-0.72158,37.63105],[-0.82217,37.58076],[-1.32754,37.56113],[-1.64097,37.38696],[-1.79761,37.23286],[-1.93931,36.94585],[-2.11152,36.77666],[-2.1877,36.74546],[-2.30557,36.81982],[-2.45283,36.83115],[-2.5957,36.80649],[-2.67061,36.74756],[-2.78755,36.71475],[-3.14917,36.7585],[-3.43125,36.70791],[-3.82778,36.75605],[-4.36685,36.71812],[-4.43486,36.70024],[-4.67412,36.50645],[-4.9353,36.50205],[-5.17148,36.42378],[-5.32969,36.23574],[-5.36094,36.13491],[-5.4436,36.15059],[-5.4625,36.07378],[-5.62549,36.02593],[-5.8084,36.08833],[-5.96069,36.18174],[-6.04067,36.18843],[-6.22627,36.42646],[-6.26895,36.59673],[-6.38413,36.63701],[-6.41226,36.72886],[-6.32832,36.84814],[-6.2168,36.91357],[-6.32095,36.9085],[-6.39619,36.83164],[-6.49243,36.95464],[-6.88462,37.19424],[-6.86377,37.27891],[-6.97466,37.19844],[-7.40615,37.17944],[-7.50352,37.5855],[-7.44395,37.72827],[-7.18545,38.00635],[-7.02285,38.04473],[-6.95757,38.18789],[-7.1064,38.18101],[-7.34302,38.45742],[-7.28154,38.71455],[-7.04604,38.90703],[-6.99795,39.05645],[-7.04297,39.10708],[-7.17241,39.13521],[-7.30576,39.33813],[-7.33545,39.46514],[-7.44512,39.53618],[-7.53569,39.66157],[-7.11768,39.68169],[-7.03672,39.71396],[-6.97539,39.79839],[-6.89609,40.02183],[-7.03262,40.16792],[-7.0147,40.20835],[-6.81016,40.34312],[-6.85205,40.44326],[-6.81836,40.65405],[-6.83589,40.77749],[-6.92847,41.00913],[-6.77578,41.10771],[-6.69014,41.2145],[-6.40312,41.37539],[-6.2125,41.53203],[-6.24312,41.60181],[-6.30806,41.64219],[-6.54219,41.67251],[-6.55752,41.87412],[-6.61826,41.94238],[-7.03047,41.95063],[-7.14712,41.98115],[-7.19536,41.95522],[-7.20962,41.89526],[-7.40361,41.83369],[-7.69307,41.88848],[-7.92085,41.88364],[-8.15249,41.81196],[-8.22476,41.89585],[-8.12998,42.01816],[-8.21309,42.13369],[-8.26606,42.1374],[-8.58965,42.05273],[-8.85234,41.9269],[-8.87832,41.94688],[-8.88721,42.10527],[-8.69092,42.27417],[-8.81582,42.28525],[-8.80996,42.33447],[-8.73003,42.41172],[-8.81211,42.47007],[-8.81152,42.64033],[-9.03311,42.59385],[-9.03506,42.66235],[-8.9272,42.79858],[-9.0416,42.81401],[-9.23521,42.9769],[-9.17808,43.17402],[-8.87368,43.33442],[-8.66562,43.3166],[-8.35547,43.39683],[-8.24893,43.4394],[-8.28887,43.5396],[-8.25674,43.57988],[-8.00469,43.69438],[-7.85273,43.70698],[-7.69814,43.76455],[-7.59458,43.72734],[-7.50361,43.73994],[-7.26196,43.59463],[-7.06099,43.55396],[-6.90068,43.58564],[-6.08013,43.59492],[-5.84668,43.64507],[-5.66582,43.58247],[-5.31572,43.55317],[-4.52305,43.41572],[-4.31279,43.41475],[-3.88936,43.49941],[-3.77402,43.47788],[-3.60464,43.51948],[-3.04561,43.37158],[-2.87505,43.45444],[-2.60708,43.41274],[-2.33711,43.32803],[-1.99131,43.34507],[-1.79404,43.40732],[-1.79272,43.37256],[-1.71284,43.30703]]],[[[-16.54277,28.03208],[-16.65801,28.00718],[-16.79473,28.14917],[-16.90532,28.3396],[-16.84307,28.37612],[-16.55684,28.40049],[-16.31899,28.5582],[-16.12363,28.57598],[-16.11914,28.52827],[-16.33447,28.37993],[-16.41821,28.15142],[-16.54277,28.03208]]],[[[-13.85991,28.86909],[-13.82363,29.01333],[-13.6501,29.11899],[-13.53506,29.14429],[-13.46357,29.23721],[-13.42295,29.19751],[-13.47793,29.00659],[-13.71597,28.91123],[-13.78398,28.84546],[-13.85991,28.86909]]],[[[-14.4918,28.10093],[-14.35557,28.12969],[-14.23198,28.21582],[-14.00337,28.70669],[-13.95415,28.74146],[-13.85723,28.73804],[-13.82715,28.69121],[-13.82759,28.58516],[-13.92803,28.25347],[-14.19678,28.16929],[-14.33262,28.05601],[-14.4918,28.10093]]],[[[-15.38916,27.87471],[-15.43677,27.81069],[-15.55937,27.74697],[-15.7103,27.78408],[-15.80732,27.88755],[-15.80947,27.99448],[-15.72095,28.06416],[-15.68276,28.15405],[-15.45278,28.13691],[-15.41548,28.15933],[-15.38916,27.87471]]],[[[-17.3249,28.11768],[-17.25859,28.20317],[-17.12964,28.15596],[-17.10376,28.11113],[-17.10107,28.08345],[-17.22539,28.01353],[-17.3249,28.11768]]],[[[-18.16055,27.76147],[-18.04336,27.76812],[-17.92451,27.85015],[-17.88794,27.80957],[-17.98477,27.64639],[-18.16055,27.76147]]],[[[-18.00078,28.75825],[-17.92881,28.84458],[-17.79756,28.84678],[-17.72656,28.72446],[-17.74438,28.61602],[-17.75801,28.56909],[-17.85937,28.48569],[-18.00078,28.75825]]]]}},{"type":"Feature","properties":{"country_code":"SE","iso3":"SWE","name_en":"Sweden"},"geometry":{"type":"MultiPolygon","coordinates":[[[[18.94512,57.7416],[18.81387,57.7062],[18.79092,57.48311],[18.90791,57.39834],[18.78486,57.36108],[18.6999,57.24272],[18.47734,57.16304],[18.38721,57.08765],[18.34023,56.97822],[18.14639,56.92051],[18.28535,57.0832],[18.20957,57.1333],[18.10508,57.27188],[18.15195,57.33906],[18.13652,57.55664],[18.5374,57.83057],[18.72188,57.86372],[18.80518,57.83315],[18.84111,57.9002],[18.90059,57.91548],[19.07646,57.83594],[18.99375,57.81211],[18.94512,57.7416]]],[[[16.43164,56.24375],[16.40127,56.31089],[16.4123,56.56899],[16.63037,56.87686],[16.72773,56.902],[16.996,57.31777],[17.02539,57.34507],[17.11768,57.31982],[17.05039,57.28047],[17.05352,57.20801],[16.88369,56.98521],[16.83828,56.84053],[16.77803,56.80522],[16.52852,56.29053],[16.47715,56.24019],[16.43164,56.24375]]],[[[11.54355,58.89302],[11.64277,58.92607],[11.71221,59.01865],[11.79814,59.28989],[11.68076,59.59229],[11.83428,59.69717],[11.93213,59.86367],[12.16924,59.91289],[12.48613,60.10679],[12.51582,60.30522],[12.58867,60.45073],[12.55381,60.54565],[12.31465,60.89214],[12.29414,61.00269],[12.70605,61.05986],[12.82822,61.22183],[12.88076,61.35229],[12.59609,61.54131],[12.15537,61.72075],[12.30352,62.2856],[12.11455,62.59189],[12.13984,62.72134],[12.10859,62.91948],[12.21816,63.00063],[11.9999,63.2917],[12.21211,63.49224],[12.1752,63.59595],[12.6625,63.94048],[12.79277,64.0],[13.20352,64.0751],[13.96055,64.01401],[14.14121,64.17354],[14.14805,64.2603],[14.07764,64.46401],[13.65029,64.58154],[14.11514,64.94614],[14.47969,65.30146],[14.54951,65.64639],[14.63457,65.79326],[14.54326,66.12935],[15.04004,66.16753],[15.48379,66.30596],[15.42295,66.48984],[16.40352,67.05498],[16.43428,67.15508],[16.36064,67.252],[16.12744,67.42583],[16.19355,67.50518],[16.45713,67.55176],[16.58555,67.62832],[16.78359,67.89502],[17.32461,68.10381],[17.9167,67.96489],[18.17666,68.20063],[18.1626,68.52842],[18.37861,68.5624],[19.96982,68.3564],[20.24004,68.47754],[19.96885,68.54204],[20.24004,68.67314],[20.31943,68.75405],[20.34805,68.84873],[20.33711,68.89966],[20.1167,69.0209],[20.62217,69.03687],[20.89512,68.97983],[20.91855,68.90693],[21.99746,68.52061],[22.8541,68.36733],[23.09785,68.25757],[23.18252,68.13662],[23.31855,68.13032],[23.47422,68.01733],[23.63887,67.95439],[23.50186,67.8752],[23.5002,67.69619],[23.54131,67.61431],[23.45488,67.46025],[23.73359,67.4229],[23.7749,67.32861],[23.62607,67.23394],[23.6415,67.12939],[23.67734,67.06812],[23.9418,66.87783],[23.98857,66.81055],[23.89414,66.70688],[23.86553,66.57661],[23.70117,66.48076],[23.67383,66.38071],[23.70029,66.25264],[23.75146,66.19116],[23.90732,66.14824],[24.04902,65.98984],[24.15547,65.80527],[23.89053,65.78223],[23.69141,65.82852],[23.22109,65.78613],[23.10234,65.73535],[22.74658,65.87095],[22.53857,65.79434],[22.40098,65.86211],[22.2876,65.75063],[22.254,65.59756],[22.08623,65.61094],[22.14756,65.55288],[21.92012,65.53237],[21.90313,65.50835],[21.95,65.47036],[21.87959,65.42402],[21.56553,65.40811],[21.52344,65.35859],[21.6127,65.29912],[21.60918,65.26138],[21.41035,65.31743],[21.546,65.20698],[21.57393,65.12578],[21.1959,64.8769],[21.13818,64.80869],[21.2793,64.72471],[21.39385,64.54434],[21.51963,64.46309],[21.46504,64.37959],[21.01846,64.17798],[20.7627,63.86782],[20.20469,63.66245],[19.91367,63.61055],[19.78164,63.53818],[19.72207,63.46333],[19.50234,63.50903],[19.49463,63.42437],[19.3543,63.47749],[19.23633,63.34736],[19.03438,63.23774],[18.8167,63.25747],[18.79229,63.23813],[18.85898,63.20659],[18.60645,63.17827],[18.53066,63.06353],[18.34424,63.03213],[18.31289,62.99639],[18.50205,62.98887],[18.46309,62.89585],[18.24805,62.84907],[18.17002,62.78936],[18.07441,62.79067],[18.09355,62.83604],[17.95107,62.83389],[17.90664,62.88677],[17.87959,62.87319],[17.97441,62.72104],[17.90303,62.65947],[18.0373,62.60054],[17.83447,62.50273],[17.71777,62.50088],[17.64639,62.45088],[17.41025,62.5084],[17.37842,62.46279],[17.429,62.33472],[17.63369,62.23301],[17.51016,62.16631],[17.37451,61.86631],[17.46543,61.68447],[17.19639,61.72456],[17.21563,61.65635],[17.13076,61.57573],[17.16426,61.4583],[17.13799,61.38169],[17.19961,61.31196],[17.16387,61.27827],[17.20293,60.95186],[17.27891,60.81216],[17.25098,60.70078],[17.35986,60.64082],[17.59307,60.62769],[17.66113,60.53516],[17.95576,60.58979],[18.01133,60.51143],[18.1625,60.40791],[18.4,60.33711],[18.55752,60.25356],[18.53545,60.15288],[18.78701,60.07949],[18.9332,59.94229],[18.99043,59.82778],[18.97051,59.75723],[18.71875,59.65737],[18.57813,59.56577],[18.27646,59.43765],[18.16357,59.43037],[17.96426,59.35938],[17.97979,59.32905],[18.13262,59.31621],[18.50889,59.40796],[18.61758,59.32705],[18.41426,59.29033],[18.37305,59.17974],[18.28535,59.10938],[17.45674,58.8584],[17.34766,58.78052],[16.97813,58.65415],[16.31582,58.66362],[16.21426,58.63667],[16.78848,58.58525],[16.92383,58.49258],[16.65195,58.43433],[16.76992,58.21426],[16.7001,58.16079],[16.69492,57.91753],[16.59697,57.91289],[16.55537,57.81226],[16.58623,57.76094],[16.6042,57.56831],[16.65225,57.50068],[16.63086,57.43018],[16.47598,57.26514],[16.52793,57.06816],[16.34873,56.70928],[16.15068,56.50083],[15.99668,56.22261],[15.82666,56.12495],[15.62656,56.1856],[15.32656,56.15083],[14.78203,56.16191],[14.71396,56.13413],[14.75479,56.03315],[14.65557,56.01992],[14.55859,56.04863],[14.40195,55.97676],[14.21504,55.83262],[14.20293,55.72915],[14.3417,55.52773],[14.17373,55.39663],[13.80635,55.42856],[13.32139,55.34639],[12.88584,55.41138],[12.94063,55.48159],[12.97393,55.74814],[12.47119,56.29053],[12.70635,56.23501],[12.80166,56.26392],[12.65645,56.44058],[12.85742,56.45239],[12.91953,56.51558],[12.88369,56.61772],[12.71758,56.66284],[12.57266,56.82329],[12.42148,56.9064],[12.15186,57.22695],[12.05322,57.44697],[11.96152,57.42607],[11.87871,57.67944],[11.73496,57.71768],[11.70322,57.97319],[11.54902,58.00122],[11.44932,58.11836],[11.43154,58.33999],[11.32998,58.38032],[11.24824,58.36914],[11.27158,58.47563],[11.20791,58.86641],[11.14717,58.98862],[11.16689,59.04556],[11.1958,59.07827],[11.29531,59.08687],[11.38828,59.03652],[11.4707,58.90952],[11.54355,58.89302]]],[[[19.03926,57.91104],[19.13486,57.98135],[19.33145,57.96289],[19.15635,57.92261],[19.13838,57.86025],[19.03926,57.91104]]],[[[18.3499,59.02261],[18.39756,59.08911],[18.48555,59.10459],[18.3499,59.02261]]],[[[18.54512,59.47783],[18.57236,59.52583],[18.69844,59.53462],[18.57031,59.43726],[18.54512,59.47783]]]]}},{"type":"Feature","properties":{"country_code":"CH","iso3":"CHE","name_en":"Switzerland"},"geometry":{"type":"Polygon","coordinates":[[[9.62588,47.46704],[9.48428,47.17266],[9.4877,47.06226],[9.84531,47.00737],[9.87773,46.9377],[10.1335,46.85151],[10.34941,46.98477],[10.41494,46.9644],[10.45459,46.89941],[10.39795,46.66504],[10.43828,46.61885],[10.43066,46.55005],[10.27227,46.56484],[10.19551,46.62109],[10.08701,46.5999],[10.03828,46.4832],[10.10967,46.36284],[10.12832,46.23823],[10.04102,46.23809],[9.93926,46.36182],[9.63945,46.2959],[9.52871,46.3062],[9.48105,46.34878],[9.42764,46.48232],[9.30439,46.49556],[9.26016,46.4752],[9.25107,46.28677],[9.00303,46.01489],[9.04668,45.87559],[8.95371,45.83003],[8.77803,45.99619],[8.81855,46.07715],[8.6417,46.11079],[8.4584,46.2459],[8.42256,46.44604],[8.3707,46.44512],[8.0957,46.27104],[8.1252,46.16094],[7.99316,46.01592],[7.78789,45.92183],[7.53857,45.97817],[7.129,45.88042],[7.05576,45.90381],[6.77207,46.16514],[6.8168,46.2752],[6.75811,46.41577],[6.42891,46.43052],[6.23467,46.33262],[6.27295,46.25225],[6.19941,46.19307],[6.08662,46.14702],[5.97148,46.15122],[5.97002,46.2147],[6.0959,46.27939],[6.12324,46.37861],[6.06025,46.42817],[6.16074,46.61104],[6.41016,46.75542],[6.45625,46.94834],[6.66689,47.02651],[6.95205,47.26719],[7.00059,47.33945],[6.90039,47.39424],[7.05342,47.48936],[7.13604,47.48984],[7.20313,47.43271],[7.26572,47.42578],[7.42002,47.45518],[7.49492,47.54736],[7.61563,47.59272],[7.92705,47.56387],[8.19824,47.60693],[8.454,47.59619],[8.55947,47.62402],[8.56709,47.6519],[8.45176,47.65181],[8.40342,47.68779],[8.43574,47.73135],[8.57266,47.77563],[8.72832,47.70005],[8.83115,47.70361],[8.88115,47.6564],[9.18281,47.6707],[9.62588,47.46704]]]}},{"type":"Feature","properties":{"country_code":"TR","iso3":"TUR","name_en":"Turkey"},"geometry":{"type":"MultiPolygon","coordinates":[[[[25.66895,40.13589],[25.74092,40.19629],[25.91836,40.23799],[25.97705,40.17783],[25.97002,40.13633],[25.74023,40.10547],[25.66895,40.13589]]],[[[41.82354,41.43237],[41.92578,41.49565],[42.21113,41.48672],[42.46641,41.43984],[42.60684,41.57881],[42.78789,41.56372],[42.82168,41.49238],[42.90674,41.46685],[43.17129,41.28794],[43.14102,41.26484],[43.20547,41.19917],[43.35898,41.19014],[43.4334,41.15552],[43.45527,41.0647],[43.63164,40.929],[43.72266,40.71953],[43.66787,40.57407],[43.56934,40.48237],[43.70986,40.1665],[43.66621,40.12637],[43.94199,40.02314],[44.28926,40.04038],[44.39961,39.99575],[44.73379,39.74648],[44.81719,39.65044],[44.58711,39.76855],[44.45596,39.66675],[44.38936,39.42212],[44.02324,39.37744],[44.0791,39.21831],[44.17803,39.14482],[44.14453,38.99438],[44.1708,38.93437],[44.27168,38.83604],[44.25703,38.70063],[44.29785,38.55781],[44.29854,38.38628],[44.4499,38.33423],[44.38086,38.25459],[44.21133,37.90806],[44.22295,37.88018],[44.33623,37.87178],[44.58994,37.71035],[44.54531,37.65815],[44.57402,37.4354],[44.79414,37.29038],[44.7583,37.21709],[44.76514,37.14243],[44.60596,37.17603],[44.28184,36.97803],[44.2457,36.9833],[44.20166,37.05181],[44.1918,37.24985],[44.11445,37.30186],[44.01318,37.31353],[43.83643,37.22354],[43.67578,37.22725],[43.51582,37.24453],[43.09248,37.36738],[42.93662,37.32476],[42.77461,37.37187],[42.45586,37.12871],[42.35898,37.10859],[42.31289,37.22959],[42.20273,37.29727],[42.05986,37.20605],[41.51553,37.08916],[41.26465,37.06934],[40.95889,37.10918],[40.70566,37.09771],[40.01641,36.82607],[39.35664,36.68159],[38.7666,36.69312],[38.44375,36.86226],[38.1917,36.90156],[37.43633,36.64331],[37.06621,36.65264],[36.9418,36.7584],[36.65859,36.80254],[36.59688,36.70137],[36.5375,36.45742],[36.63672,36.23398],[36.47705,36.2207],[36.37539,36.17124],[36.34756,36.00352],[36.20195,35.93755],[36.15361,35.83389],[36.12734,35.83145],[35.89268,35.91655],[35.95693,35.99814],[35.81094,36.30986],[35.88281,36.40635],[36.18848,36.65898],[36.18008,36.80723],[36.04893,36.9106],[35.66113,36.72432],[35.62559,36.65278],[35.5374,36.59702],[35.39316,36.5752],[34.70361,36.8168],[34.29961,36.6042],[33.95488,36.29521],[33.69473,36.18198],[32.92949,36.0957],[32.79482,36.03589],[32.53379,36.10073],[32.37773,36.18364],[32.02197,36.5353],[31.35254,36.80107],[30.64404,36.86567],[30.58203,36.79717],[30.5585,36.52583],[30.44609,36.26987],[30.3873,36.24326],[30.23164,36.30732],[29.68906,36.15669],[29.22363,36.32446],[29.14326,36.39722],[29.03828,36.69346],[28.96963,36.71533],[28.8959,36.67358],[28.81689,36.67529],[28.48359,36.80381],[28.30371,36.81196],[28.19561,36.68633],[28.01943,36.63447],[28.01416,36.67021],[28.08398,36.75146],[27.80381,36.73647],[27.65586,36.67461],[27.45391,36.71216],[27.46689,36.74634],[27.63086,36.78667],[28.00537,36.83198],[28.24238,37.02905],[27.34893,37.01958],[27.26299,36.97656],[27.24971,37.07915],[27.3002,37.12686],[27.53506,37.16387],[27.52012,37.24912],[27.37627,37.34072],[27.21924,37.38916],[27.14795,37.60361],[27.06797,37.65791],[27.07783,37.6877],[27.22441,37.72544],[27.25479,37.88232],[27.23242,37.97866],[26.94385,38.06289],[26.87861,38.05479],[26.80742,38.13833],[26.68281,38.19834],[26.58242,38.14927],[26.29072,38.2772],[26.34365,38.37007],[26.41641,38.36787],[26.42969,38.44062],[26.37227,38.56191],[26.37783,38.62417],[26.44131,38.64121],[26.51357,38.62949],[26.58652,38.55703],[26.59502,38.4186],[26.67422,38.33574],[26.72734,38.4186],[26.86143,38.37295],[27.09863,38.41572],[27.14424,38.45195],[26.97041,38.44785],[26.90684,38.48174],[26.76367,38.70962],[26.90918,38.77578],[27.01367,38.88687],[26.81494,38.96099],[26.85361,39.11562],[26.68184,39.29224],[26.91094,39.51733],[26.89922,39.54966],[26.82705,39.56289],[26.11309,39.46738],[26.10137,39.56895],[26.15469,39.65664],[26.1498,39.87285],[26.18135,39.99009],[26.31338,40.025],[26.47539,40.19727],[26.73809,40.40024],[27.01211,40.39634],[27.12168,40.45234],[27.28457,40.45562],[27.33262,40.37593],[27.47559,40.31992],[27.72803,40.32881],[27.84854,40.38174],[27.73184,40.48149],[27.8749,40.51294],[27.98955,40.48945],[27.92891,40.38042],[27.9626,40.36987],[28.28906,40.40303],[28.63027,40.37646],[29.00713,40.38975],[29.05518,40.42417],[28.78789,40.53403],[28.95801,40.63057],[29.0541,40.64912],[29.84492,40.73809],[29.84922,40.76011],[29.36475,40.80928],[29.11387,40.93784],[29.04551,41.00757],[29.09434,41.17725],[29.14814,41.22104],[29.32227,41.22773],[29.91934,41.15083],[30.34492,41.19692],[30.81006,41.08486],[31.25488,41.10762],[31.34668,41.15791],[31.45801,41.32002],[32.08643,41.58921],[32.30645,41.72959],[33.28477,42.00459],[34.75049,41.95684],[35.00645,42.06328],[35.15488,42.02754],[35.11406,41.95698],[35.12207,41.89111],[35.29775,41.72852],[35.55801,41.63403],[35.91982,41.71372],[36.05176,41.68257],[36.1792,41.42656],[36.40537,41.27461],[36.50967,41.2625],[36.64707,41.35254],[36.77773,41.36348],[36.99199,41.27539],[37.06621,41.18442],[37.76563,41.07891],[37.91006,41.0019],[38.38105,40.92451],[39.42637,41.10645],[39.80791,40.98252],[40.12842,40.94302],[40.26523,40.96133],[40.6875,41.10742],[40.81953,41.19023],[41.08359,41.26118],[41.41436,41.42363],[41.51006,41.51748],[41.82354,41.43237]]],[[[28.05029,41.72915],[28.19785,41.55449],[28.34639,41.46636],[29.05723,41.22974],[28.95625,41.0082],[28.78037,40.97417],[28.17217,41.08071],[27.9252,40.99058],[27.74736,41.01328],[27.49941,40.97314],[27.43018,40.83994],[27.25801,40.68735],[26.77207,40.49805],[26.32998,40.12339],[26.20273,40.07539],[26.26016,40.20239],[26.25381,40.3147],[26.44746,40.44502],[26.72031,40.54424],[26.79209,40.62661],[26.10547,40.61133],[26.03896,40.72676],[26.10918,40.74966],[26.33105,40.95449],[26.3541,41.03677],[26.33066,41.23877],[26.60234,41.35415],[26.6249,41.40176],[26.58135,41.60127],[26.3209,41.71655],[26.32725,41.7728],[26.51143,41.82637],[26.61533,41.96489],[26.88486,41.99185],[27.01172,42.05864],[27.24434,42.09326],[27.53486,41.9208],[27.8792,41.98662],[28.01445,41.96904],[27.9873,41.85488],[28.05029,41.72915]]]]}},{"type":"Feature","properties":{"country_code":"UA","iso3":"UKR","name_en":"Ukraine"},"geometry":{"type":"MultiPolygon","coordinates":[[[[37.54336,47.07456],[37.33984,46.91689],[37.04756,46.87622],[36.79482,46.7144],[36.68867,46.76411],[36.55879,46.7627],[36.27949,46.65859],[36.0249,46.6668],[35.82715,46.62432],[35.4002,46.3814],[35.20439,46.16919],[35.01455,46.10601],[35.28018,46.27949],[35.29199,46.3707],[35.23037,46.44063],[35.06406,46.26724],[34.84961,46.18989],[34.85732,45.98735],[35.00167,45.73338],[34.94643,45.72869],[34.79973,45.79075],[34.79408,45.89231],[34.68688,45.97695],[34.4499,45.96567],[34.35398,46.06159],[34.2242,46.10108],[34.02672,46.10673],[33.80667,46.20829],[33.65997,46.21957],[33.65432,46.14622],[33.59414,46.09624],[33.42988,46.05762],[33.20225,46.17573],[32.47676,46.08369],[32.03574,46.26099],[31.83125,46.28169],[31.77998,46.32466],[31.9917,46.3644],[32.0085,46.42998],[31.71367,46.47178],[31.55488,46.5543],[32.36133,46.47495],[32.57803,46.61563],[32.3541,46.56484],[32.12725,46.59722],[32.04434,46.64248],[31.94492,46.78438],[31.96406,46.85483],[31.93955,46.98198],[31.83818,47.15723],[31.75918,47.21284],[31.9127,46.92612],[31.87285,46.64976],[31.77959,46.63164],[31.53213,46.66475],[31.56338,46.77729],[31.40293,46.62881],[31.13682,46.62446],[30.79629,46.552],[30.65674,46.2665],[30.51152,46.10537],[30.21904,45.86675],[29.82119,45.73208],[29.68506,45.75469],[29.62842,45.72246],[29.60117,45.6],[29.67031,45.54067],[29.72695,45.34331],[29.70586,45.25991],[29.56768,45.3708],[29.40371,45.41968],[29.22354,45.40293],[28.89434,45.28994],[28.78174,45.30986],[28.79141,45.2519],[28.76074,45.23413],[28.45127,45.29219],[28.31768,45.34712],[28.2125,45.45044],[28.31035,45.49858],[28.49902,45.51772],[28.4916,45.66577],[28.7293,45.852],[28.73877,45.93716],[28.94775,46.04995],[29.00625,46.17646],[28.93057,46.36226],[28.92744,46.42412],[28.9584,46.4585],[29.18623,46.52397],[29.20459,46.37935],[29.25459,46.39263],[29.30488,46.4666],[29.39287,46.43691],[29.45879,46.45376],[29.61494,46.39883],[29.70684,46.44873],[29.83789,46.35054],[30.07568,46.37783],[30.13105,46.4231],[29.92432,46.53887],[29.94248,46.72378],[29.87783,46.82891],[29.57197,46.96401],[29.56348,47.04751],[29.51094,47.12803],[29.53916,47.271],[29.3834,47.32803],[29.13486,47.4897],[29.12295,47.53037],[29.21113,47.775],[29.19482,47.88242],[29.12539,47.96455],[28.97334,47.93301],[28.92314,47.95112],[28.77383,48.11958],[28.53047,48.15029],[28.46309,48.09053],[28.42305,48.14687],[28.34053,48.14443],[28.34717,48.21304],[28.29102,48.23857],[28.08848,48.25703],[28.03848,48.32129],[27.82002,48.41626],[27.54922,48.47773],[27.40381,48.41563],[27.33691,48.43271],[27.22852,48.37144],[26.84707,48.38716],[26.61895,48.25986],[26.30566,48.20376],[26.27695,48.11323],[26.1627,47.99253],[25.46426,47.91079],[25.16963,47.8231],[25.07383,47.7457],[24.89336,47.71777],[24.57891,47.93105],[24.48408,47.94712],[24.17773,47.90605],[23.66904,47.99233],[23.4082,47.98999],[23.13945,48.0874],[23.05479,48.00654],[22.87666,47.94727],[22.85723,48.02954],[22.76914,48.10962],[22.58242,48.13403],[22.52012,48.20537],[22.3502,48.25605],[22.25371,48.40737],[22.13184,48.40532],[22.14287,48.56851],[22.29521,48.68584],[22.38945,48.87349],[22.53867,49.07271],[22.80977,49.02075],[22.83975,49.03892],[22.84707,49.08125],[22.70566,49.17119],[22.73242,49.29517],[22.64941,49.53901],[22.70615,49.6062],[23.03633,49.89907],[23.71172,50.37734],[23.97266,50.41006],[24.08994,50.53047],[24.09473,50.61704],[24.04629,50.7228],[23.97842,50.7856],[24.10576,50.84497],[24.0958,50.87275],[23.98574,50.94043],[23.86348,51.12622],[23.66445,51.31006],[23.67969,51.39492],[23.60527,51.51792],[23.60859,51.6105],[23.7917,51.63711],[23.97832,51.59131],[24.28008,51.77471],[24.36191,51.86753],[25.26719,51.93774],[25.92529,51.91353],[26.77344,51.7707],[27.14199,51.75205],[27.29629,51.59741],[27.60137,51.60161],[27.68975,51.57241],[27.67676,51.48994],[27.7,51.47798],[27.74131,51.48257],[27.85859,51.59238],[28.01074,51.55977],[28.18379,51.60786],[28.59902,51.54263],[28.64775,51.45654],[28.73125,51.4334],[28.84951,51.54019],[29.10205,51.62754],[29.34648,51.38257],[29.55313,51.43457],[30.16074,51.47788],[30.30898,51.39961],[30.3334,51.32554],[30.54453,51.26504],[30.63252,51.35542],[30.53301,51.59634],[30.58389,51.68896],[30.75527,51.89517],[30.98066,52.04619],[31.0793,52.07695],[31.21797,52.05024],[31.346,52.10537],[31.57373,52.10811],[32.12227,52.05059],[32.28281,52.11401],[32.36299,52.27212],[32.43545,52.30723],[32.80645,52.25264],[33.14844,52.34043],[33.73525,52.34478],[33.92207,52.25146],[34.01533,52.15596],[34.11309,51.97964],[34.39785,51.78042],[34.3793,51.7165],[34.12109,51.67915],[34.11543,51.64497],[34.20088,51.55381],[34.22988,51.36323],[34.275,51.34019],[34.28066,51.31167],[34.21387,51.25537],[34.49102,51.23706],[34.7123,51.17222],[35.06406,51.20342],[35.15811,51.06099],[35.31191,51.0439],[35.33477,51.02114],[35.31475,50.9499],[35.44014,50.72769],[35.3917,50.61094],[35.41162,50.5397],[35.54551,50.43999],[35.59111,50.36875],[35.67373,50.346],[35.89023,50.43711],[36.11641,50.40854],[36.30605,50.28047],[36.4998,50.28047],[36.61943,50.20923],[36.75908,50.29185],[37.13125,50.35151],[37.34316,50.41763],[37.42285,50.41147],[37.58232,50.29185],[37.60508,50.21494],[37.7042,50.10908],[38.04688,49.92002],[38.14678,49.9394],[38.17754,50.02539],[38.25859,50.05234],[38.45117,49.96406],[38.64775,49.95288],[38.91836,49.82471],[39.1748,49.85596],[39.30293,49.74204],[39.46279,49.72803],[39.78057,49.57202],[40.03066,49.59673],[40.08066,49.57686],[40.05781,49.43154],[40.12617,49.36885],[40.10879,49.25156],[39.88975,49.06406],[39.68652,49.00791],[39.75332,48.91445],[39.98916,48.85142],[40.00361,48.82207],[39.9041,48.79375],[39.79287,48.80771],[39.70459,48.73936],[39.64473,48.59121],[39.83564,48.54277],[39.88984,48.36045],[39.84746,48.30278],[39.95791,48.2689],[39.77578,47.96445],[39.77871,47.88755],[39.73594,47.84482],[39.6585,47.84121],[38.90029,47.85513],[38.82227,47.83701],[38.64063,47.66592],[38.36885,47.60996],[38.2874,47.55918],[38.25654,47.40894],[38.20137,47.3208],[38.28076,47.25903],[38.22119,47.21274],[38.21436,47.09146],[37.54336,47.07456]]],[[[31.56387,46.25776],[31.50879,46.37314],[31.63848,46.27256],[32.1501,46.15469],[31.56387,46.25776]]]]}},{"type":"Feature","properties":{"country_code":"GB","iso3":"GBR","name_en":"United Kingdom"},"geometry":{"type":"MultiPolygon","coordinates":[[[[-2.97852,51.53887],[-3.29312,51.39043],[-3.56235,51.41382],[-3.89077,51.59165],[-4.23457,51.56909],[-4.09102,51.65991],[-4.27617,51.68252],[-4.38628,51.74106],[-4.60078,51.73765],[-4.90229,51.62627],[-5.12476,51.70586],[-5.16836,51.74072],[-5.20059,51.86138],[-5.2623,51.88018],[-5.08809,51.9959],[-4.38315,52.19731],[-4.14937,52.32627],[-3.98032,52.54175],[-4.04844,52.55762],[-4.07891,52.60786],[-4.03926,52.70405],[-4.11753,52.82002],[-4.10146,52.91548],[-4.35645,52.89741],[-4.68306,52.80615],[-4.63833,52.89111],[-4.40508,53.01382],[-4.26855,53.14453],[-4.11104,53.21895],[-3.76421,53.30762],[-3.6459,53.2979],[-3.32617,53.34717],[-3.09756,53.2603],[-3.16558,53.39468],[-3.06475,53.42686],[-2.91855,53.30537],[-2.74951,53.31021],[-2.91309,53.35024],[-3.0646,53.51284],[-3.05947,53.58623],[-2.9251,53.73276],[-3.03179,53.77358],[-3.04536,53.84385],[-3.02676,53.90591],[-2.89985,53.96069],[-2.84648,54.1353],[-2.86758,54.17725],[-3.16597,54.12793],[-3.32153,54.2291],[-3.56938,54.46758],[-3.59204,54.56436],[-3.4646,54.7731],[-3.26792,54.90659],[-3.03623,54.95308],[-3.55044,54.94741],[-3.95791,54.78096],[-4.13296,54.77925],[-4.25342,54.84678],[-4.51748,54.75835],[-4.81807,54.84614],[-4.8895,54.77227],[-4.91123,54.68945],[-5.1355,54.85752],[-5.17271,54.98589],[-5.1167,55.01226],[-5.05586,54.98813],[-4.96519,55.14946],[-4.67676,55.50132],[-4.72417,55.59829],[-4.89185,55.69912],[-4.87168,55.87393],[-4.82607,55.92954],[-4.58408,55.93867],[-4.84409,56.05117],[-4.80029,56.15835],[-4.9271,56.02808],[-5.09282,55.9873],[-5.2146,55.88887],[-5.24561,55.92925],[-5.22295,56.06582],[-4.99697,56.23335],[-5.38345,56.01924],[-5.4189,55.97524],[-5.3729,55.82769],[-5.38584,55.77012],[-5.55645,55.3896],[-5.64653,55.32686],[-5.76821,55.36265],[-5.68135,55.62397],[-5.50449,55.80239],[-5.62285,55.81313],[-5.60957,56.05527],[-5.55527,56.13496],[-5.53496,56.25083],[-5.39194,56.51479],[-5.32944,56.55591],[-5.3127,56.6188],[-5.18838,56.75806],[-5.65244,56.53198],[-5.86484,56.56187],[-5.93677,56.60571],[-5.9689,56.68989],[-6.13276,56.71802],[-6.03472,56.76392],[-5.87764,56.77964],[-5.73062,56.85308],[-5.86143,56.90269],[-5.73628,56.96064],[-5.59131,57.10234],[-5.56191,57.23271],[-5.65635,57.33408],[-5.79492,57.37881],[-5.80195,57.46802],[-5.58179,57.54678],[-5.67876,57.57168],[-5.74492,57.66831],[-5.60835,57.88135],[-5.34902,57.87808],[-5.28979,57.90459],[-5.15723,57.88135],[-5.41318,58.06973],[-5.35137,58.1437],[-5.33828,58.23872],[-5.0083,58.26265],[-5.09014,58.38452],[-5.0665,58.52021],[-4.97563,58.58032],[-4.80962,58.5729],[-4.71543,58.51001],[-4.49189,58.56846],[-4.43325,58.51284],[-3.25913,58.65],[-3.05308,58.63481],[-3.10967,58.51548],[-3.11289,58.40889],[-3.21235,58.32124],[-3.99004,57.95903],[-4.0356,57.852],[-3.85713,57.81855],[-4.07842,57.67705],[-4.13452,57.57773],[-3.29453,57.71016],[-3.03604,57.67231],[-2.07407,57.70239],[-1.96152,57.67666],[-1.86738,57.61235],[-1.78066,57.47402],[-2.02031,57.25889],[-2.08955,57.10254],[-2.26025,56.86333],[-2.50098,56.63657],[-2.68096,56.5144],[-3.04741,56.44937],[-3.30996,56.36348],[-2.88516,56.39751],[-2.65273,56.31826],[-2.67427,56.25342],[-2.76758,56.20215],[-2.97979,56.19409],[-3.17822,56.08013],[-3.36226,56.02764],[-3.78906,56.09521],[-3.60781,56.01602],[-3.04873,55.95195],[-2.83687,56.02627],[-2.59932,56.02729],[-2.14707,55.90298],[-1.65537,55.57036],[-1.42266,55.02642],[-1.23242,54.70371],[-1.15439,54.65449],[-0.67139,54.50391],[-0.37036,54.2792],[-0.08437,54.11807],[-0.20557,54.02173],[-0.16875,53.94165],[0.11533,53.60928],[-0.07373,53.64365],[-0.27002,53.73677],[-0.65991,53.72402],[-0.2937,53.69233],[0.12832,53.46826],[0.271,53.3355],[0.35576,53.15996],[0.29805,53.0811],[0.0459,52.90562],[0.27979,52.80869],[0.38193,52.8252],[0.55879,52.96694],[1.05557,52.95898],[1.27129,52.92456],[1.65674,52.75371],[1.74336,52.57852],[1.74658,52.46899],[1.59141,52.11978],[1.41348,51.99478],[1.3168,51.95693],[1.23242,51.97124],[1.27441,51.84536],[1.10117,51.78545],[0.95508,51.80781],[0.75225,51.72959],[0.89805,51.6894],[0.92744,51.64663],[0.89092,51.57144],[0.42451,51.46563],[0.52832,51.48447],[0.60029,51.46797],[0.68652,51.38657],[0.88936,51.35952],[1.41494,51.36328],[1.39756,51.18203],[1.04443,51.04727],[0.96016,50.92588],[0.77236,50.93398],[0.68438,50.88555],[0.20508,50.76304],[-0.20391,50.81436],[-0.78525,50.76543],[-1.41646,50.89687],[-1.33447,50.8208],[-1.60083,50.73286],[-2.03105,50.72539],[-1.96206,50.62778],[-2.03584,50.60308],[-2.35015,50.6374],[-2.43345,50.59922],[-2.77695,50.70557],[-2.99941,50.7166],[-3.40459,50.63242],[-3.48545,50.54795],[-3.58437,50.32183],[-3.67979,50.23994],[-3.79336,50.22925],[-4.19458,50.39331],[-4.72798,50.29048],[-5.00952,50.16074],[-5.11851,50.03833],[-5.22524,50.02139],[-5.32285,50.08296],[-5.43398,50.10444],[-5.62212,50.05068],[-5.65518,50.07725],[-5.65625,50.13188],[-5.57065,50.19697],[-5.34229,50.24614],[-5.00444,50.49526],[-4.89355,50.53369],[-4.58291,50.77637],[-4.5231,50.97744],[-4.29648,51.02715],[-4.18818,51.18853],[-3.84233,51.23091],[-3.13599,51.20503],[-3.04204,51.24858],[-2.88125,51.40566],[-2.43306,51.74072],[-2.74214,51.5811],[-2.97852,51.53887]]],[[[-4.04937,53.30576],[-4.08428,53.26431],[-4.37305,53.13418],[-4.41885,53.17803],[-4.47197,53.17637],[-4.55322,53.26045],[-4.56787,53.38647],[-4.31509,53.41724],[-4.15488,53.30283],[-4.04937,53.30576]]],[[[-2.60361,59.28931],[-2.40698,59.29756],[-2.54888,59.23135],[-2.66206,59.23018],[-2.60361,59.28931]]],[[[-1.16553,60.60391],[-1.09331,60.72021],[-1.00562,60.7165],[-1.00034,60.65801],[-1.04902,60.64692],[-1.03423,60.53018],[-1.06787,60.50229],[-1.16553,60.60391]]],[[[-1.23574,60.4853],[-1.15776,60.41772],[-1.05244,60.44448],[-1.19932,60.00659],[-1.29946,59.87866],[-1.35586,59.91113],[-1.27617,60.11465],[-1.29092,60.15347],[-1.3228,60.18838],[-1.48149,60.17339],[-1.49912,60.22178],[-1.64136,60.23677],[-1.66377,60.28252],[-1.37461,60.33291],[-1.44956,60.46855],[-1.57178,60.49443],[-1.41421,60.59873],[-1.30171,60.60767],[-1.2874,60.46704],[-1.23574,60.4853]]],[[[-0.82549,60.68394],[-0.92227,60.69727],[-0.91582,60.81045],[-0.80181,60.83125],[-0.77432,60.80049],[-0.82549,60.68394]]],[[[-3.27881,58.78193],[-3.36719,58.83975],[-3.39473,58.90962],[-3.27192,58.90527],[-3.21162,58.81357],[-3.15854,58.80122],[-3.27881,58.78193]]],[[[-2.97539,58.75693],[-3.03545,58.82266],[-2.89644,58.82759],[-2.93896,58.73862],[-2.97539,58.75693]]],[[[-2.81792,58.98188],[-2.76245,58.95581],[-2.82622,58.89326],[-2.99482,58.93936],[-3.1666,58.91909],[-3.22334,58.93877],[-3.24214,58.99971],[-3.33164,58.97124],[-3.35371,59.01875],[-3.31035,59.13081],[-3.24858,59.14395],[-3.01924,59.07603],[-3.0707,59.00498],[-2.81792,58.98188]]],[[[-2.85186,59.18247],[-2.86143,59.24683],[-3.05205,59.32388],[-2.97554,59.34712],[-2.81504,59.24082],[-2.71992,59.21948],[-2.72939,59.18677],[-2.81523,59.16191],[-2.85186,59.18247]]],[[[-6.56992,56.66123],[-6.48369,56.66577],[-6.60762,56.58501],[-6.66445,56.57944],[-6.56992,56.66123]]],[[[-5.33149,55.48105],[-5.39268,55.61836],[-5.31812,55.70918],[-5.18545,55.69097],[-5.10498,55.57397],[-5.10542,55.44883],[-5.33149,55.48105]]],[[[-6.31343,56.29365],[-6.32583,56.32095],[-6.18486,56.35688],[-6.13887,56.49063],[-6.31064,56.55215],[-6.28633,56.61187],[-6.10273,56.64565],[-5.94668,56.53452],[-5.76084,56.49067],[-5.77788,56.34434],[-6.31343,56.29365]]],[[[-6.05532,55.69531],[-6.08838,55.65752],[-6.25317,55.60723],[-6.30508,55.60693],[-6.27002,55.67031],[-6.30176,55.78062],[-6.45195,55.70425],[-6.49565,55.71157],[-6.41318,55.85464],[-6.31128,55.85649],[-6.12891,55.93057],[-6.05532,55.69531]]],[[[-6.06035,55.8229],[-6.07197,55.89312],[-5.91177,55.97476],[-5.97031,55.99219],[-5.93906,56.04526],[-5.72515,56.11855],[-5.99092,55.80381],[-6.06035,55.8229]]],[[[-6.55459,58.09287],[-6.40337,58.07588],[-6.4252,58.02129],[-6.6833,57.91104],[-6.79658,57.82754],[-6.85376,57.82651],[-6.95693,57.75005],[-7.08345,57.81377],[-6.85684,57.92354],[-7.05708,58.00317],[-6.9853,58.05049],[-7.08848,58.09536],[-7.08525,58.18218],[-7.02842,58.22231],[-6.88623,58.18257],[-6.72646,58.1894],[-6.77646,58.30151],[-6.23745,58.50283],[-6.19424,58.43511],[-6.19868,58.36328],[-6.32583,58.18887],[-6.55459,58.09287]]],[[[-6.3834,56.9709],[-6.43262,57.01792],[-6.32236,57.05054],[-6.27822,57.0314],[-6.26055,56.98525],[-6.30874,56.95181],[-6.3834,56.9709]]],[[[-6.16377,57.40884],[-6.13555,57.31426],[-5.88027,57.26323],[-5.70601,57.26895],[-5.66865,57.2269],[-5.91377,57.06265],[-5.9873,57.04443],[-6.01475,57.05195],[-6.03437,57.20122],[-6.32271,57.20249],[-6.44243,57.32749],[-6.67544,57.36289],[-6.76113,57.44238],[-6.7042,57.49575],[-6.58301,57.50713],[-6.6168,57.5627],[-6.37852,57.60332],[-6.35767,57.6668],[-6.30596,57.67197],[-6.16606,57.5853],[-6.16377,57.40884]]],[[[-7.18262,57.5333],[-7.32056,57.53374],[-7.51562,57.61587],[-7.47031,57.65254],[-7.20557,57.68296],[-7.09277,57.62666],[-7.18262,57.5333]]],[[[-7.38149,57.13066],[-7.41592,57.19214],[-7.41055,57.3811],[-7.26714,57.37178],[-7.24756,57.12637],[-7.38149,57.13066]]],[[[-7.54297,56.97236],[-7.52295,57.00679],[-7.45547,57.01895],[-7.39893,56.98335],[-7.50479,56.95166],[-7.54297,56.97236]]],[[[-6.40259,54.06064],[-6.6498,54.05864],[-6.64687,54.16343],[-6.80259,54.21436],[-6.87725,54.3291],[-7.00771,54.40669],[-7.04971,54.40825],[-7.20259,54.30181],[-7.15547,54.2395],[-7.32451,54.13345],[-7.60654,54.14385],[-7.67876,54.18667],[-7.85493,54.21528],[-7.88447,54.28379],[-8.14482,54.45352],[-8.04434,54.51245],[-7.75439,54.59492],[-7.74629,54.61582],[-7.9106,54.69834],[-7.7375,54.71045],[-7.55039,54.76797],[-7.45127,54.8771],[-7.3769,55.02769],[-7.21865,55.09199],[-7.10063,55.04829],[-7.03076,55.08062],[-6.94717,55.18252],[-6.47505,55.24102],[-6.12915,55.21738],[-6.03579,55.14453],[-5.98574,55.02969],[-5.86919,54.91621],[-5.71685,54.81748],[-5.71074,54.75708],[-5.8791,54.68438],[-5.87861,54.64131],[-5.73862,54.67305],[-5.58252,54.66343],[-5.52793,54.61963],[-5.47041,54.5002],[-5.48389,54.44165],[-5.67109,54.54976],[-5.65596,54.38174],[-5.55781,54.371],[-5.60679,54.27256],[-5.82617,54.23584],[-5.93774,54.08906],[-6.01904,54.05127],[-6.30366,54.09487],[-6.40259,54.06064]]],[[[-1.19609,50.59922],[-1.3063,50.58853],[-1.56343,50.66611],[-1.31279,50.77349],[-1.06558,50.69023],[-1.19609,50.59922]]]]}}]}